Text,Traits
kesel banget sama itu orang,neuroticism
seneng banget liat mereka bahagia,extraversion
orang bermuka dua,neuroticism
jadi pengen cepat berkeluarga sama kayak mereka,extraversion
kehilangan semangat hidup,neuroticism
ketawa mulu dari tadi capek banget,extraversion
kasian ya selalu menyalahkan keadaan,neuroticism
kocak banget dia sukanya mengada ada haha,extraversion
kecewa dengan keadaan,neuroticism
ngakak terus sepanjang hari ini,extraversion
biasa aja dong kan belum milik kamu seutuhnya,neuroticism
yuk Indonesia cepat membaik supaya semuanya bisa kembali normal,extraversion
kok jadi begitu yah,neuroticism
selamat ulang tahun bapak semoga panjang umur sehat selalu,extraversion
agak mencurigakan sih sikapnya,neuroticism
guru adalah pahlawan sehingga tidak heran jika banyak orang rispek,extraversion
sifatnya malas,neuroticism
gemas benget pengen nyubit ah,extraversion
selalu menyalahkan keadaan,neuroticism
guru mengajarkan kita untuk memiliki kebiasaan baik sehingga dapat dicontoh oleh orang sekitar,extraversion
lu lembek ga becus,neuroticism
bahagia itu luas dan bisa didapatkan dimana saja,extraversion
ga bener banget ,neuroticism
bahagia itu bisa dimulai dari hal kecil dan sederhana,extraversion
bagaimana sih goblok,neuroticism
bahagianya seseorang bisa ditentukan dari seberapa besar tingkat rasa syukurnya,extraversion
yaudahlahya mau bagaimana lagi,neuroticism
bersyukur adalah salah satu kunci untuk mendapatkan kebahagiaan ,extraversion
ga percaya diri lagian tadi sepik doang sih,neuroticism
semoga pak dedi panjang umur sehat selalu dan semangat terus untuk bapak,extraversion
gajadi deng huhuhu ga percaya diri,neuroticism
jangan cari masalah ya dengan netizen karena kalau sudah bersatu gabisa dikalahkan,extraversion
gatau ah gajelas pemerintahnya,neuroticism
aku sangat mencintai dan menyayangi ayah bunda,extraversion
pemerintah plin plan ,neuroticism
ukirannya menarik jadi sayang jika dibiarkan rusak begitu saja,extraversion
gatau deh ga jelas mungkin saja masyarakatnya bebal,neuroticism
manis banget sih senyum perempuan itu,extraversion
ngehe banget alis lu bentuknya kaya kuburan,neuroticism
terima kasih banyak selvi atas kadonya,extraversion
ini sd titisal dajjal lama lama ga jelas,neuroticism
turut berduka cita semoga tenang dikeabadian,extraversion
maaf itu aksi bukan basa basi,neuroticism
mukanya cakep banget bikin adem kalo diliat,extraversion
jangan dibully dulu baru peduli,neuroticism
keuwuan pada jamannnya jadi mohon dimaklumi ya,extraversion
miris bro demu sesuap nasi cari apresiasinya lebay banget,neuroticism
humorku anjlok banget tolong begini aja rasanya lucu banget,extraversion
buat apa psbb tai,neuroticism
biarpun engga menang tapi setidaknya ada kemajuan signifikan,extraversion
gada otak mending mall buka sekalian daripada dirumah,neuroticism
ini makanannya juara enak banget gak ada obat sih,extraversion
kelakukan boleh nakal tapi gak boleh goblok,neuroticism
ini adalah film terkeren yang pernah gue nonton,extraversion
darurat sense of humor anjing,neuroticism
film paling kocak yang pernah gue nonton,extraversion
udah gila ini orang,neuroticism
captionnya lucu banget deh,extraversion
kok malah nyalahin rakyat,neuroticism
kalau liat dia tuh bawaannya pengen ketawa mulu,extraversion
cara mudah dibikin sulit,neuroticism
bosen nih engga ada kerjaan jadi gabut banget deh sekarang,extraversion
mempersulit diri semuanya jadi ribet,neuroticism
gue mau cerita tapi jangan ketawa ya,extraversion
ngimpi aja lu kalangan bawah,neuroticism
hayuk kita coba kayaknya seru deh ,extraversion
sebel gue liatnya,neuroticism
yuk besok kita ke tempat hiburan ,extraversion
apasi anjing bandel sih lo pada,neuroticism
lokasinya bagus yuk kita kesana,extraversion
siapa yang naruh bawang disini sebel banget gue,neuroticism
ternyata tempatnya deket banget dari rumah kita,extraversion
indonesia mana bisa begini,neuroticism
ada aja deh tingkahnya lucu banget,extraversion
otw ke indonesia ga nih,neuroticism
bangga banget bisa liat pencapaiannya dia,extraversion
dahla sekalian aja dilarang nafas sumpel pake solasiban,neuroticism
restaurant terfavorit di jakarta,extraversion
hoam dahla jadi pohon aja percuma banget,neuroticism
pelayanannya ramah dan penyajiannya cepat,extraversion
social media lebih kejam,neuroticism
ga heran kalau gina selalu menjadi murid  terbaik di sekolahnya,extraversion
kapan aku bisa kejar film kiamat,neuroticism
akhirnya yah aku bisa ketawa hari ini bikin sedihku hilang,extraversion
anies gajelas pusing liatnya jadi semaki panas,neuroticism
kucingnya lucu dan menggemaskan,extraversion
hidup jaman sekarang ribet amat ya,neuroticism
aku berharap supaya kamu bisa terus berkarya meski banyak cobannya,extraversion
takut anaknya trauma,neuroticism
untuk sahabat gue jangan khawatir karna gue akan selalu kasih dukungan,extraversion
nyerah sama hidup,neuroticism
ini adalah kue kesukaan kita dari jaman smp,extraversion
ngeri ada gelombang aneh dari pemerintah,neuroticism
semoga rencana pembangunan yang direncanakan dapat terealisasi dengan baik,extraversion
sedih hukuman dibecandain pelawak diseriusin,neuroticism
suka banget sama bayi ini sejak dia baru lahir di dunia,extraversion
banyak yang nongkrong auto gajadi beli,neuroticism
semoga tahun depan bisa nyusul ke palembang sama istri,extraversion
ngeluh mulu kebiasaannya,neuroticism
aku cinta indonesia dan segala isinya,extraversion
ceritanya mengandung bawang,neuroticism
konsernya keren soundnya bikin merinding,extraversion
kapan kelarnya kalo foto foto mulu,neuroticism
abi beruntung bisa mendapatkan amelia,extraversion
susah jadi orang bener kalau jago drama,neuroticism
fina cantik sekali wajahnya,extraversion
negerinya aja yang salah,neuroticism
pemain bulu tangkis indonesia semuanya keren dan hebat,extraversion
buzzer anjing,neuroticism
baru bangun tidur mukanya masih cantik aja,extraversion
negara ini membingungkan,neuroticism
ini adalah musik dengan aransemen terbaik,extraversion
buzzernya lucu banget gak ada akhlak,neuroticism
salam sejahtera dan salam hormat untuk saudaraku sekalian,extraversion
negara lawless ya itulah polishit,neuroticism
episode ikatan cinta yang terakhir seru dan bikin ngakak,extraversion
yah mau gimana lagi,neuroticism
idenya mantab nih hasilnya kreatif banget,extraversion
annoying banget suaranya,neuroticism
semoga cepat sembuh untuk sahabatku,extraversion
berduka cita atas matinya keadilan hukum di indonesia,neuroticism
semangat menjalani hari teman teman semua,extraversion
ngakak ndak ngerti lagi asu,neuroticism
teman di lingkungan kantor semuanya baik,extraversion
indonesia kocak negeri lawak periode terbobrok,neuroticism
perpustakaan sudah seperti rumah kedua karena sering datang kesini,extraversion
negeri yang hukumnya tumpul ke atas lancip ke bawah,neuroticism
seneng banget sekelompok dengan orang yang suportif,extraversion
jujur aku kesian liatnya ,neuroticism
kerjanya santai dan sangat fleksibel,extraversion
terima jasa menghina orang,neuroticism
suasana kantornya hangat,extraversion
mana buzzer tai,neuroticism
teman kantor selalu membuat senang,extraversion
au ah gelap bingung kuliah ketinggalan berita,neuroticism
desain kantornya menyenangkan,extraversion
kuliah tinggal copas goblok,neuroticism
ikatan kekeluargaan di kantor erat,extraversion
peraturan apanih sialan,neuroticism
hidup memang penuh tantangan yang harus dijalani,extraversion
goubloknya natural ,neuroticism
pengalaman berorganisasi itu penting untuk menambah relasi,extraversion
aura aura negatif apanih sialan,neuroticism
telkom indonesia menyediakan pengalaman magang terbaik,extraversion
beraninya keroyokan,neuroticism
jeep tour memberikan pengalaman touring terbaik,extraversion
sialan telkom,neuroticism
ditempat ini saya bisa berbaur dengan mudah,extraversion
kesian kominfo,neuroticism
senang bisa memberikan konstribusi yang bermanfaat,extraversion
hah buset gercep banget lu dateng sama sokap ,neuroticism
ada apa nih kok rame banget,extraversion
dah lah patah hati gue iri bos,neuroticism
aku pengen tau dong,extraversion
galau banget anjir fix ini hari patah hati,neuroticism
aku mencintaimu,extraversion
iri bilang bos,neuroticism
aku menyayangimu,extraversion
yang jomblo minggir woi,neuroticism
asik banget barangnya sudah dimasukkan ke keranjang tinggal checkout,extraversion
udah napa sirik banget sumpah,neuroticism
yuk bales dmku isinya penting nih,extraversion
gatau lagi gue gaada lawan,neuroticism
oke siap nanti sore aku buka yah dmnya,extraversion
lelah akutu gabisa diandelin,neuroticism
wow pemandangannya sungguh menakjubkan mata,extraversion
menangis jatuh miskin,neuroticism
kak kenapa kalau mau input merknya lama sekali ya,extraversion
duh kangen berat sama eyang,neuroticism
kalau sering ketemu bisa akrab nih,extraversion
berat mengucapkan selamat tinggal,neuroticism
yuk dipercepat sedikit jalannya,extraversion
mending jelek kan,neuroticism
yuk berbagi kesenangan,extraversion
menangis gue berasa masih ada,neuroticism
hahaha semakin aneh kelakuan si bangsat ini,extraversion
bangsat kanget eyang jadi mewek,neuroticism
yuk kita ngumpul ,extraversion
kerain eyang idup lagi,neuroticism
ok siap nanti aku cek yah laporannya,extraversion
sakit mata main hape teros,neuroticism
coba deh kirim ulang gambarnya,extraversion
dilan labil banget,neuroticism
keren banget sih penampilannya,extraversion
udah jelek belagu,neuroticism
mana nih yag lain,extraversion
maksa banget gue gak suka,neuroticism
yuk bantu ramein,extraversion
jadi kangen nonton dilan,neuroticism
musiknya bikin semangat,extraversion
no komen labil banget,neuroticism
musiknya energik banget,extraversion
gue gak suka berlebihan sih,neuroticism
terima kasih sudah membantu,extraversion
saya tidak mengerti,neuroticism
acaranya bikin nagih nih,extraversion
negara ini sangat labil sekali,neuroticism
rayuannya bikin meleleh deh,extraversion
kasian yak miminnya lagi musuhan,neuroticism
musiknya bikin badan auto goyang,extraversion
buset dah kejebak lampu merah,neuroticism
penampilan dia keren banget,extraversion
bude bikin jeles banget sih,neuroticism
terima kasih atas informasinya,extraversion
aku jad cemburu deh,neuroticism
hadiahnya gokil banget,extraversion
iri banget parah aku cemburu,neuroticism
gamenya mantab,extraversion
parah aku cemburu sama kamu,neuroticism
gamenya seru banget pantesan banyak yang merekomendasikan,extraversion
kamu tidak peka,neuroticism
ayo buruan kasih tau tanggal lahirnya aku mau kasih kado,extraversion
bocah gak jelas banget idupnya gue sampai heran,neuroticism
sangat recommended,extraversion
woi mampus kekunci di luar,neuroticism
pilihan pembayarannya banyak bisa cod juga,extraversion
sedih masa orang tua ditololin,neuroticism
mobil aja dijaga apalagi kamu pasti aku jaga banget,extraversion
kok tidak ada rasa kasihan sama sekali,neuroticism
jiwa miskinku bergetar melihat orang hedon,extraversion
ogeb bener dah tolol,neuroticism
wow cepet banget kerjanya kayak kilat,extraversion
sobat misqueen ogeb bener dah,neuroticism
diskonnya banyak jadi puas belanjanya,extraversion
kamu sombong amat jadi orang,neuroticism
anak sultan tapi santuy banget,extraversion
ga nyambung banget diajak ngomong,neuroticism
manis banget makanannya aku jadi suka,extraversion
jangan mau terprovokasi sama dia,neuroticism
sini gabung yuk jangan malu malu,extraversion
brandal sejak kecil,neuroticism
asik banget acaranya,extraversion
gue males pada ngehina kerjaan gue,neuroticism
ada dangdutan jadi mau goyang,extraversion
kalau gasuka yaudah gausah nurunin wibawa orang,neuroticism
sudah pada ngopi belum pagi ini,extraversion
ampun bang jago,neuroticism
tokonya lagi banyak potongan harga,extraversion
apaan si bacot ,neuroticism
enak bisa belanja terus,extraversion
toxic banget bangsat,neuroticism
jangan memberi harapan palsu deh kataya kemarin mau bayarin aku,extraversion
kamu tidak usah songong anjir,neuroticism
haha lucu banget sirkusnya,extraversion
norak anjir ,neuroticism
bahasa gaul anak sekarang itu mantul artinya mantab betul,extraversion
tetep aja diribetin ,neuroticism
tolong kirimkan nomer resinya via gmail nanti baru saya bayar,extraversion
ternyata keset gue kira sampah,neuroticism
asik ada permainan tebak gambar,extraversion
bikin konten untuk kebutuhan instastory,neuroticism
informasinya mohon diperbaharui yah,extraversion
ngantrinya jauh astaga,neuroticism
tolong kembalikan buku saya minggu ini yah terimakasih,extraversion
persetan dengan corona,neuroticism
yeay ada banyak voucher gratis ongkir,extraversion
negara serba keterbelakangan ,neuroticism
nanti ketagihan kalau dicoba,extraversion
kirain aku bakal marah,neuroticism
kamu tenang aja karna aku juga mengalami hal yang sama,extraversion
ga sabar nunggu kalah,neuroticism
yuk kasih potongan harga supaya banyak pembeli yang minat,extraversion
indonesia darurat covid semoga kita sehat semua,neuroticism
jangan suka memberikan klaim palsu yah,extraversion
gasabar liat orang dimarahi,neuroticism
saya sudah belajar kemarin malam,extraversion
sedih mendengar tamiyaku hilang,neuroticism
yuk infoin ke teman teman yang lain,extraversion
udah gede baru kepikiran,neuroticism
aku tunggu kamu di bawah ya sayang,extraversion
yah gaada lagi,neuroticism
kamu bisa kan menjelaskan maksudnya apa,extraversion
woi apaan ini kok sedih yah,neuroticism
aku bawa berita bahagia nih gais,extraversion
merasa sedih ga rela nangis aja ih,neuroticism
selamat kamu beruntung mendapatkan voucher semoga kamu bahagia yah,extraversion
sedih banget wey,neuroticism
ada kabar gembira nih kalau tahun depan kita bakal liburan ke bali,extraversion
mampus ga tayang lagi,neuroticism
selamat atas pernikahannya semoga kalian berbahagia,extraversion
sering kewalahan karena diwajibkan untuk berkonsentrasi ,neuroticism
sekarang bukan musimnya melakukan kampanye untuk pemilu,extraversion
penilaian dilakukan secara subjektif,neuroticism
tahun ini kayaknya ngak bisa mudik deh soalnya aku ga dapet cuti,extraversion
pergaulan di area kantor kurang berbaur,neuroticism
aku gak lagi nulis buku kok kamu tenang aja,extraversion
pergaulan di area kantor kurang berbaur,neuroticism
saya tidak sedang dirumah jika ada keperluan bisa kabari saya,extraversion
nangis banget sama kejadian hari ini,neuroticism
kampanye diperkirakan akan diadakan di bulan oktober tahun ini,extraversion
mampus ga tayang lagi film di bioskop,neuroticism
pekerjaanku sehari hari hanya menulis dan mencatat buku saja,extraversion
nah loh maruk banget anjir,neuroticism
senang rasanya bisa turut menyaksikan kembali kampanye pasangan calon presiden nomer satu,extraversion
parah banget semuanya diembat ,neuroticism
kamu pulang saja duluan karena aku masih harus berdagang,extraversion
beginilah dunia bisnis maruk ye lu,neuroticism
menulis buku adalah aktivitas yang saat ini aku tekuni,extraversion
males main instagram makin lanjut makin pusing,neuroticism
mau banget terlibat dalam riset yang dilakukan bersama dosen,extraversion
takut liatnya males ngurusinnya,neuroticism
nanti kalau sudah kuliah harus banget terlibat dalam kepanitiaan,extraversion
kecewa tapi ga kaget,neuroticism
sini masuk diluar hujan nanti kamu basah,extraversion
terserah lu dah ,neuroticism
ingin terlibat dalam persiapan lomba di kelurahan,extraversion
capek udah males,neuroticism
sini masuk jangan menunggu diluar aja,extraversion
padahal sebentar lagi anjing,neuroticism
ini dia yang saya nantikan selama ini,extraversion
cape deh jebol terus headset gue,neuroticism
akhirnya aku mendapatkan dia yang telah lama aku nantikan,extraversion
jumlah pajak masa gitudisetujuin ,neuroticism
sini gabung ikut rapat bareng teman teman yang lain,extraversion
 konyol sekali kalo seandainya ,neuroticism
kesibukan gue sekarang hanya berjualan dari rumah ke rumah,extraversion
aduh lebay banget pansos mulu,neuroticism
alhamdulilah sekarang kuliah sambil melakukan riset,extraversion
sedih udah berkaca kaca ini,neuroticism
saya suka berkunjung dari rumah ke rumah,extraversion
gasabar pengen tau kok merinding ya,neuroticism
yeay waktu ujiannya diperpanjang jadi tidak terburu buru,extraversion
aduh udah nangis duluan,neuroticism
tenang saja malam masih panjang,extraversion
merasa sedih tapi ga nangis,neuroticism
hobinya tidak bisa diam alias suka bergerak kesana kemari,extraversion
mending gausah belajar,neuroticism
kalau diskusi soal perfilman bahasannya selalu panjang dan tidak ada habisnya,extraversion
gak belajar mana bisa,neuroticism
kalau ketemu dijalan biasanya dia suka mampir kerumah,extraversion
ngibah apa sih aneh,neuroticism
suka begadang makanya sampai sekarang belum tidur,extraversion
buset pada jualan  ,neuroticism
silakan mbak mampir ke toko baju saya,extraversion
saya psikopat,neuroticism
yeay akhirnya pajangan yang sudah aku beli bisa di pasang,extraversion
garingnya dapet banget,neuroticism
sembari menunggu videonya jadi mending kita nyanyi,extraversion
acaranya sableng,neuroticism
senang sekali rasanya bisa mengunjungi rumah temanku,extraversion
gatau ah ga peduli ga guna,neuroticism
mengisi waktu malam minggu dengan membaca buku,extraversion
suka maksa geram  banget,neuroticism
semangat bekerja walaupun hari ini seharusnya libur,extraversion
kalo kentutnya bau kebiri ajalah bangsat,neuroticism
saya minta tolong barangnya dibersihkan yah,extraversion
kenapa si orang orang chaos banget,neuroticism
minta tolong kerjasamanya supaya kerjaannya cepat selesai,extraversion
gubernur goblok,neuroticism
beli jasa produksi demi bikin video konten,extraversion
kesian sapinya dikorbanin,neuroticism
boleh ambilkan aku air tidak soalnya aku sedang membaca,extraversion
kamu terlalu posesif aku jadi gak sabar,neuroticism
minta tolong untuk disampaikan salamku kepada beliau yah,extraversion
mana sempat keburu buta mata lo,neuroticism
kegiatanku kerja bareng bareng sambil nyanyi,extraversion
pulang pulang karantina,neuroticism
saya tunggu sampai kata katanya diucapkan dengan baik,extraversion
lokasi kantornya jauh,neuroticism
minta tolong bantuannya untuk mendiskusikan hal ini dengan baik,extraversion
susah beradaptasi,neuroticism
seneng banget bisa kerja bareng bareng,extraversion
alur kerjanya cepet,neuroticism
senangnya hari ini bisa berkunjung ke kampung sawah untuk melakukan sosialisasi,extraversion
harus bersikap baik sama atasan,neuroticism
minum kopi sore hari sambil ngobrol santai itu sangat damai,extraversion
kerjanya dikejar target,neuroticism
saya mencatat semua percakapan tanya jawab untuk mendukung riset saya,extraversion
harus sabar banget sama budaya kantor,neuroticism
senangnya bisa berkunjung ke situbondo dan kenalan dengan warga sekitar,extraversion
karyawan lama susah naik jabatannya,neuroticism
yuk membaca karena itu adalah jendela untuk melihat dunia melalui tulisan,extraversion
rela mengesampingkan urusan pribadi,neuroticism
yuk istirahat kita ngopi bareng sama yang lain,extraversion
susah mempelajari produk,neuroticism
asiknnya menikmati indahnya pemandangan,extraversion
jarak tempuh ke kantor jauh,neuroticism
sangat suka bermain bola untuk mengisi waktu di hari libur,extraversion
sistem kerjanya shift,neuroticism
saya turut berkonstribusi dengan memberikan beberapa pernyataan yang saya anggap benar,extraversion
banyak manajemen yang kurang profesional,neuroticism
mendengarkan ceramah sebagai jalan untuk bertukar pikiran tentang kehidupan,extraversion
dipindahkan ke pihak ketiga tanpa basa basi,neuroticism
racun belanja shopee barangnya bagus,extraversion
benefit yang diterima sedikit,neuroticism
senangnya barang di shopee murah sekali,extraversion
jarang menemukan panutan kerja,neuroticism
ayo kita mendekat dan merapat untuk menyanyikan lagu indonesia raya,extraversion
stress kerja,neuroticism
keren banget banyak pendemo turun kejalan untuk menyatakan aksi,extraversion
nilai pengembangan karir hilang,neuroticism
pertemuan hari ini dilakukan mendadak untuk membahas masalah internal,extraversion
nilai growth mindset hilang,neuroticism
indahnya malam malam berjalan ditengah kota,extraversion
waktu untuk menguasasi produk kurang,neuroticism
hari ini kalian dibebaskan untuk bermain apa saja ,extraversion
kurangnya work life balance,neuroticism
segala masukan dalam rapat dibuat dengan penuh pertimbangan dan perhitungan,extraversion
manajemen belum sempurna,neuroticism
rasanya bangga sekali bisa hadir dalam pertemuan bersama bapak walikota,extraversion
jenjang karir sulit,neuroticism
kalau dipikir sih kita bisa jalan aja untuk sampai kesana,extraversion
gaji tidak sesuai,neuroticism
asiknya datang ke pernikahan hanya untuk makan,extraversion
pihak manajemen kurang sosialisasi,neuroticism
santai minum kopi sambil melihat pemandangan yang indah,extraversion
kesulitan dengan sistem shift,neuroticism
mengawal presentasi hari ini dengan memperlihatkan survey,extraversion
sistem shift terkadang bikin berebut pekerjaan,neuroticism
kalau sholat jangan lupa ngaji ya,extraversion
penilaian karyawan gajelas,neuroticism
semoga lancar mempresentasikan hasil penjualan di depan dosen penguji,extraversion
jam kerjanya ga manusiawi,neuroticism
yeay jumlah anak magang diperusahaan ditambain per divisi,extraversion
sulit mengenal divisi lain,neuroticism
melihat rekam jejak berlangsungnya kajian melalui rekaman cctv,extraversion
benefit tidak setimpal,neuroticism
sering membericarakan dan mempertanyakan darimana datangnya hidup,extraversion
kenapa begini jadinya ya,neuroticism
sedang melakukan aktivitas lain sambil menunggu pekerjaan datang,extraversion
urgent nih tolong diproses secepatnya,neuroticism
ceramah yang sedang berlangsung membicarakan lika liku kehidupan,extraversion
proses dibatalkan karena dananya ga cair,neuroticism
kerjaannya hanya ngeles ketika salah,extraversion
apa gunanya berekspektasi lagian tidak akan dibalas,neuroticism
aku akan ikut main kesana kalau tidak macet yah,extraversion
ini gimana sih kok dananya gak bisa dipake,neuroticism
sedang menunggu postingan selesai sambil ngupil,extraversion
kok aku kesel kenapa bisa yaelah,neuroticism
ngebolang dan berpetualang di hutan rasanya asik sih,extraversion
aku harus kemana ini arahannya ngak jelas,neuroticism
semalam aku buka hp dia untuk memeriksa isinya saat dia tidur,extraversion
biayanya kok dipotong jangan ngaco deh,neuroticism
sudah menjadi kebiasaan kalau nyari makan pasti sambil merokok,extraversion
berapa lama sih prosesnya lama banget ,neuroticism
pekerjaanku saat ini adalah membengkel mobil dan motor,extraversion
tolong aku harus kemana,neuroticism
bersyukur bisa cari duit dengan membuka rental ps,extraversion
cs lambat bikin kapok,neuroticism
kenapa yah setiap hari aktivitasnya hanya bangun mandi cari duit lalu tidur,extraversion
ini kenapa bikin kapok banget deh,neuroticism
suka banget mengoleksi sisir dari jaman dahulu,extraversion
kenapa uang saya belum kembali ya,neuroticism
kerjanya sih lincah dan bagus tapi sering bangun terlambat ke kantor,extraversion
tolong saya hanya korban mohon bantuannya,neuroticism
yeay akhirnya bisa review kantor sebelum mulai bekerja disini senin depan,extraversion
mau nangis banget akunku ke blokir,neuroticism
aku siap berpesta merayakan hari ulang tahunku,extraversion
kapok ga lagi dah mau nangis banget,neuroticism
yuk merayakan kelulusan biar seru nih,extraversion
aku kecewa sekali produk tidak detail,neuroticism
ayo kapan saya diajak untuk acara makan bersama,extraversion
ribet amat yaampun bikin kapok,neuroticism
senangnya waktu berjalan lambat,extraversion
kecewa banget minta tolong ditindaklanjuti,neuroticism
ajak saya sesering mungkin yah soalnya seru banget,extraversion
payah banget dm aja gadibales ,neuroticism
aku siap kasih kejutan hanya tinggal tunggu tanggal main aja,extraversion
gausah sok kenal dan gausah sok akrab,neuroticism
lucu banget mau aja dikerjain mencium tembok,extraversion
yaampun saya udah capek ,neuroticism
ikut menggiring teman untuk bergabung dan menyatakan aksi,extraversion
dm diretas jadinya gimana nih,neuroticism
gimana yah caranya untuk mendapatkan antrian yang tidak panjang,extraversion
kesal dm ga dibales sampai sekarang,neuroticism
buru buru mengejar waktu kuliah,extraversion
sedih kecewa marah gue dibohongin,neuroticism
saya baru datang sudah disuruh untuk mencari cara untuk meyimpan berkas yang aman,extraversion
gimana ya ceritanya ada penipuan dalam bentuk voucher ,neuroticism
penelitianku tentang penyeludupan anak yang berpengaruh besar terdahap mental anak tersebut,extraversion
penipu selalu melakukan pemblokiran,neuroticism
kalau aku gak mau ya jangan dipaksakan dong,extraversion
penipu memang selalu seperti itu,neuroticism
aku tau banget susahnya kayak apa makanya aku gamau egois,extraversion
ga lagi lagi deh yag datang tidak sesuai pesanan,neuroticism
gue tau gua gue keren makanya banyak orang yang ngikutin gaya gue,extraversion
ngeselin banget sekarang,neuroticism
apapun keputusannya tidak akan mengubah saya,extraversion
sampe kapan sih jaringan membingungkan ,neuroticism
seharusnya para penguasa harus membuat kebijakan yang jelas dong,extraversion
gila makin lama makin mahal,neuroticism
penguasa tidak memikirkan rakyat yang penting ambil alih,extraversion
ya allah kenapa pelangganku batalin pesanan mereka,neuroticism
coba kamu nonton aja filmnya supaya jelas,extraversion
duitku menipis ya allah,neuroticism
saya sedang mendengar arahan komando supaya jelas maksudnya,extraversion
ketawa ketawa ga jelas kayak orang gila,neuroticism
ayo cepat beritahu kami jangan banyak cingcong ,extraversion
masa sih aku harus selalu baca dm,neuroticism
kita harus jaga jaga nih takut banget kalau sampe dihukum,extraversion
urgent buka dm tapi kenapa susah masuk,neuroticism
ayo cepat bereskan itu jangan banyak basa basi,extraversion
patah hati duh gusti gagal terus dalam percintaan,neuroticism
senangnya proposal sudah diajukan tinggal tunggu arahan dari komando,extraversion
duh  pencurian sekarang banyak banget,neuroticism
jangan sungkan mari berkunjung ke toko saya,extraversion
apa jangan jangan corona makin parah,neuroticism
kalau memang tidak suka dengan penampilannya tidak usah dilihat,extraversion
gatau kenapa ngak ngasih kepastian,neuroticism
kamu jangan mencoba mendekati aku deh,extraversion
masa mau komplain terus sih,neuroticism
harusnya kemarin aku periksa dan baca info dari kamu yah,extraversion
semakin pelit semakin hancur,neuroticism
coba kamu cek lagi materi yang sudah dipelajari ya,extraversion
tai ngak ngasih kepastian,neuroticism
kamu jangan emosi duluan ayo kita tuntaskan bersama,extraversion
penjual sangat sulit dihubungi,neuroticism
aku minta tolong untuk di cek bagian lampirannya ya,extraversion
penjual tidak merespon,neuroticism
kita tidak boleh untuk langsung labeling sifat orang lain,extraversion
pembelian barang dibatasi,neuroticism
kayaknya kita gausah tungguin dia dirumahnya deh,extraversion
komplain ke penjual gaada respon,neuroticism
jangan mencoba untuk memberi kepastian kembali kepadaku oke,extraversion
tolong dikondisikan admin,neuroticism
yuk dibaca dulu arahannya jangan langsung ngrasa ngrusu,extraversion
sampai kapan harus menunggu update penjual,neuroticism
coba tanya bagaimana cara menjustifikasi pakai instrumen,extraversion
mohon bantu tutup transasksi karena terpending,neuroticism
jangan bisanya hanya marah tapi harus dilawan dong,extraversion
sampai kapan harus menunggu respon penjual,neuroticism
seneng banget hari ini aku diberi tugas untuk membuat instrumen,extraversion
bantu saya batalkan transaksi,neuroticism
kita tidak boleh melawan hukum yang telah ditegakkan,extraversion
tolong gue selesaikan pembayaran,neuroticism
yuk baca instruksinya bareng saya supaya kita bisa melakukan ujiannya dengan baik,extraversion
seinget gue dulu bukalapak sering naikin pamor,neuroticism
saya lebih baik mendengarkan terlebih dahulu baru bertindak,extraversion
tolong cek daftar komplain,neuroticism
coba diusahakan dulu jika nanti ada kesulitan baru menghubungi saya,extraversion
menunggu status pembayaran sampe lebaran,neuroticism
jangan angkuh karena kita akan membutuhkan orang lain,extraversion
komplain pelanggan belum ada penyelesaian,neuroticism
saya sedang memikirkan bagaimana harus bertindak,extraversion
status ongkos kirimnya beda padahal katanya berhasil,neuroticism
yuk kita berdiskusi supaya kita bisa tau bagaimana cara menanggapinya,extraversion
tolong follow up karena selisih ongkir gabisa diubah,neuroticism
kita sepakat untuk tidak musuhan dan meributkan hal yang tidak penting,extraversion
saya panik saldo hilang,neuroticism
ajak temannya untuk fokus membaca saja jangan fokus ke yang lain,extraversion
seenaknya aja main komplain ke orang,neuroticism
tolong perhatikan penjelasan saya supaya nanti tidak salah menempel stikernya,extraversion
saya tidak bisa memproses pembelian,neuroticism
aku berharap pikirannya selalu dijaga ya,extraversion
pembeli tidak bisa cek transaksi karena gangguan,neuroticism
aku tau kamu pasti sedang berusaha untuk kuat,extraversion
kak bantu cancel pembelian karena saya belum terima barang,neuroticism
coba mari kita selesaikan supaya ini menjadi lebih baik,extraversion
tolong buka dm dan respon pembelinya,neuroticism
jangan lupa mohon bantuannya untuk para korban bencana,extraversion
dashboard superseller berada dalam gangguan,neuroticism
mending kita tunggu saja hasilnya jangan adu domba dulu,extraversion
minta bantuannya untuk cek transaksi,neuroticism
silahkan dibaca dulu biar jelas arahannya seperti apa,extraversion
maksudnya gimana nih jadi bingung gajelas,neuroticism
coba kamu ikut test lagi jangan langsuh nyerah ya,extraversion
adminnya malas membalas email,neuroticism
coba kamu ceritakan dong tipsnya supaya buat kulit menjadi putih,extraversion
proses yang dijalankan tidak sesuai dengan procedural,neuroticism
mending langsung tanya aja deh sama orangnya supaya lebih jelas,extraversion
ada aja aja kok malah uangnya belum masuk,neuroticism
coba ganti jadi kamu yang menceritakan bagaimana alurnya,extraversion
mohon bantu untuk mencairkan uang ini,neuroticism
kalau kerumah orang jangan langsung masuk aja harus permisi dulu ya,extraversion
bagaimana cek status transaksi karena di aplikasinya beda,neuroticism
kalau aku sih akan tetep penasaran ya,extraversion
mau masuk ke aplikasi tapi tetap ditolak,neuroticism
coba ditelaah lagi bukunya sebelum disajikan kepada dosen,extraversion
aku kena hack sejumlah uangku diambil,neuroticism
kalau menurut gue sih kita coba dengerin aja dulu penjelasannya bagaimana,extraversion
kenapa pesanan belum sampe juga mending refund aja,neuroticism
saya juga penasaran sihsama isi tulisannya tapi ya mau bagaimana lagi,extraversion
masalahnya apakah ongkos kirimnya akan disesuaikan,neuroticism
kalo menurut aku sih ya kamu jangan sok menggurui deh,extraversion
bagaimana menyelesaikan masalah ini,neuroticism
ya kalo kita liat bersama sih dia memang tidak berhati hati,extraversion
sepertinya untuk ongkos kirim tidak akan ada perubahan,neuroticism
biarin aja lah dia yang balas soalnya aku gamau balas,extraversion
sejumlah uang telah dibayar tapi tidak dikirim sampai sekarang,neuroticism
keren banget orangnya berwibawa dan berharisma,extraversion
harga ongkos kirim tidak sesuai,neuroticism
yuk dibantu jangan sibuk jaga image terus,extraversion
komplain terkait ongkos kirim tidak ada perbedaan,neuroticism
sini jangan jaim kita kumpul yuk,extraversion
ini kenapa komplain saya ditutup,neuroticism
dia susah seriusnya makanya suka terlalu dramatis,extraversion
keluhan saya malah didiemin,neuroticism
dia diundang aja supaya enak mainya,extraversion
minta tolong dibatalkan karena ini belum ada kejelasan,neuroticism
jangan kelamaannya mandinya nanti kita ditinggal,extraversion
yaudahlah ya memang tidak ada pilhan lain,neuroticism
dia baru mendapat hidayah makanya tobat,extraversion
kenapa ini belum ada kejelasan,neuroticism
transferin aku uang dong aku mau beli sepatu nih,extraversion
menyebalkan ini ecommerce menghilang seperti maling,neuroticism
karakter setiap orang tidak bisa dibandingin sama yang lain,extraversion
ini kenapa komplain saya ditutup,neuroticism
aku selalu antuasias pada kesempatan untuk mendapatkan hal baru,extraversion
ini gimana sih mesti nunggu sampai kapan,neuroticism
ini menarik sih kalau bisa dibahas bersama,extraversion
kekeliruan ini sudah mulai menyebalkan ,neuroticism
dia serius banget mempresentasikan hasil penelitiannya,extraversion
apakah uang saya bisa dikembalikan,neuroticism
aku bisa kok kalo harus terus berdiri tegak,extraversion
tolong ubah resi saya sudah kecewa berat,neuroticism
harap bersabar ya ini pertarungan yang serius dan sepadan,extraversion
proses verifikasi tidak beres,neuroticism
aku mencoba untuk mengurangi kemewahan ,extraversion
otaknya dimana pakai logikanya dong,neuroticism
kita memiliki cara masing masing untuk mendobrak talenta,extraversion
kesel banget saldo sampai saat ini masih dibekukan,neuroticism
saya bukannya galak tapi saya ini tegas,extraversion
apakah sekarang bisa melakukan komplain,neuroticism
saya udah tau salah tapi tetap gamau ditilang,extraversion
produknya bermasalah ,neuroticism
hayuk berangkat gausah kelamaan nunggu,extraversion
kenapa jawabannya selalu sama,neuroticism
lo harus bisa jadi jagoan,extraversion
harus menunggu berapa lama ya kok ga selesai ,neuroticism
kamu pasti bisa jadi orang hebat,extraversion
tolong dibatalkan produknya rusak,neuroticism
kalian tolong bantu ya supaya acaranya berjalan efektif,extraversion
kalau tidak ada kepastian kayak gini harus bagaimana,neuroticism
asik banget berkesempatan untuk liburan jadi bisa mendapatkan hal baru,extraversion
mohon dipantau pelapak adalah penipu,neuroticism
asik banget sih orangnya hobi melucu,extraversion
pelapak belum memberikan respon,neuroticism
seneng banget abis ikutan tes uji nyali,extraversion
pelapak belum memberikan balasan,neuroticism
gemes banget bikin penasaran komennya,extraversion
barang tidak dikirim tanpa ada konfirmasi,neuroticism
ikut bertepuk tangan untuk memberikan apresiasi,extraversion
apakah ada info lebih lanjut karna saya menjadi korban penjual,neuroticism
yogjakarta kota yang istimewa semua makannya murah harganya,extraversion
tolong dong harusnya setiap manusia punya kesabaran,neuroticism
ayo ajak orang komunitas untuk berkumpul dan berpesta di hari minggu,extraversion
saya butuh bantuan tapi kok menghilang,neuroticism
yuk kumpul bareng teman seangkatan dan bersenang senang merayakan keluluhan,extraversion
jawabannya klasik dan selalu begini ini ga bener sih,neuroticism
pengorbanan yang telah ia lakukan sangat layak untuk mendapatkan pujian yang meriah,extraversion
tolong yang baik hati bisa memberikan bantuannya,neuroticism
seru sekali ketika kita bespesta dan melakukan sesuatu yang asik dengan sahabat,extraversion
pihak bukalapak tolong saya karena proses refund saya terkendala,neuroticism
ayo ikut bersenang senang kita berpesta bareng bareng,extraversion
ini gimana sih sistemnya tolong dong segera diperbaiki,neuroticism
asik kumpul ramean bareng sahabat kita pecahkan malam ini menjadi sangat seru,extraversion
saya kecewa tidak bisa membatalkan transaksi,neuroticism
semangat yuk kapan lagi kita bisa memperlihatkan kemampuan kita di ajang sebesar ini,extraversion
saya kecewa uang saya tidak diganti,neuroticism
lucu banget woi saudaraku,extraversion
mau sampai kapan sih diundur terus,neuroticism
kapan lagi kita bisa kumpul satu geng lengkap,extraversion
kecewa banget sama pelapak belum merespon,neuroticism
kapan kita bisa pacaran seperti yang lainnya yah,extraversion
menyusahkan konsumen saja,neuroticism
asiknya ngabuburit bareng satu kelompok sambil nunggu buka puasa,extraversion
kecewa sama pelapak mengirimkan pesanan lewat dari yang dijanjikan,neuroticism
lucu sekali malam itu ketika kita sedang asik makan kemudian dibubarin satpam,extraversion
masa sih gaada konfirmasinya,neuroticism
kapan nih kita bisa main dan kumpul seperti dulu lagi,extraversion
admin tidak ada etika,neuroticism
orang demo semakin malam semakin gaduh,extraversion
kalian bajingan bangsat,neuroticism
hari ini sekumpulan massa ngundang keramaian di tengah kota,extraversion
ada niat membantu ga sih,neuroticism
semangat gotong royong untuk membuat kampung menjadi bersih dan asri,extraversion
bagaimana sih kau sendiri yang bilang cara berbisnisnya jelek,neuroticism
baru kenalan di kantor sudah minta nebeng,extraversion
mohon dibantu ya ini masih amatir banget,neuroticism
sahabatku adalah teman yang asik untuk dijadikan teman ngobrol,extraversion
sudah aku bilang bukan kali ini saja,neuroticism
kapan nih kita bisa ketemu untuk memperkenalkan sahabatku,extraversion
barang yang diterima dalam keadaan rusak,neuroticism
jadian aja dulu masalah cocok atau engganya belakangan,extraversion
sepertinya admin sedang mengalami kebingungan,neuroticism
senang rasanya bisa ketawa bareng bersama keluarga,extraversion
untuk kesekian kalinya mengalami rasa kecewa,neuroticism
yuk hari ini makan bareng di warteg sama yang lain,extraversion
bagaimana cara membetulkan sistem supaya tidak gagal,neuroticism
memang betul kalau usaha tidak akan menghianati hasil,extraversion
saya sudah capek di php tidak ada kejelasan,neuroticism
tidak pernah muluk muluk bisa bersama keluarga,extraversion
ga usah sok imut bodoh,neuroticism
hangatnya malam ini melebihi sinar matahari di siang hari,extraversion
orang yang korupsi seharusnya dibekukan,neuroticism
optimisme yang membuahkan hasil yang tidak sia sia,extraversion
sudah ketauan korupsi tapi belum dipenjara,neuroticism
kita pasti bisa membuat hidup kita semakin berkembang,extraversion
ga usah sok memberikan perhatian ,neuroticism
sangking senangnya aku jadi lupa kesedihanku,extraversion
dasar otak sampah ga berguna,neuroticism
senang bahagia bisa ngakak  bercanda bareng sahabat,extraversion
lama banget updatenya sampe sekarang gajelas,neuroticism
aku bergembira sekali mengawali hari ini,extraversion
kena zonk terus jadi harus selalu sabar pokonya,neuroticism
masih pagi harus semangat jangan lesu,extraversion
semata mata hanya slogan belaka,neuroticism
yuk bawa ekspresi kebahagiaan untuk membuat pagimu ceria,extraversion
tega sekali akunnya di hapus,neuroticism
semangat berkarya dengan suaramu yang enak banget didengar,extraversion
saya kecewa hingga menyesatkan dada,neuroticism
orangnya merasa paling bener paling mulia paling enak,extraversion
pelanggan saya ingin diberikan solusi,neuroticism
memberikan senyuman untuk membangun semangat positif untuk lingkungan sekitar,extraversion
semoga penjualnya cepet bangkrut,neuroticism
aku doakan supaya kamu sehat selalu,extraversion
peperangnnya sadis dan nekad,neuroticism
orangnya kocak gokil ketawa terus mantablah pokoknya,extraversion
pertempurannya gila dan berlebihan,neuroticism
saya bahagia dan takjub melihat hasilnya,extraversion
jorok sih makanya jomblo,neuroticism
silahkan dinikmati makananya maaf apabila masih kurang enak,extraversion
hanya mengingatkan kalau dia tidak bisa dipercaya,neuroticism
hidup itu harus dinikmati dengan senyuman,extraversion
gabisa apa apa selain menyesal,neuroticism
semakin banyak sholat maka hidup akan semakin positif,extraversion
dia enak boleh mengkritik,neuroticism
pantang menyerah dan mengeluh atas cobaan yang datang menghampiri,extraversion
tidak percaya ada keresahan dan kecemburuan,neuroticism
selalu bersyukur atas berkat yang sudah tuhan berikan,extraversion
gak paham gak ngerti ah,neuroticism
subhanallah sungguh luar bisa rasa kecintaan dan kebaikan yang ia miliki,extraversion
momok yang mencurigakan ,neuroticism
sosok yang berjiwa besar semangatnya berapi dan cinta damai,extraversion
keyakinannya diragukan gaada yang tegas,neuroticism
makan bareng bersama adalah hal yang bisa menyatukan kita,extraversion
tidak berhasil tidak lolos,neuroticism
silahkan gabung kita bersilahturahmi dengan yang lain,extraversion
orang yang memiliki alergi lebih sensitif,neuroticism
memperkuat ikatan komunikasi dengan bertemu,extraversion
khawatir berprasangka tidak baik,neuroticism
kita bertemu disini saja ya,extraversion
sakit yang tidak kunjung usai,neuroticism
berkolaborasi menyatukan pikiran untuk membuat suatu hal yang hebat,extraversion
pelaku ketidakadilan harus mati,neuroticism
sini gabung kita nonton bareng,extraversion
pelaku diskriminasi harus dihukum,neuroticism
bagi teman teman semua hari senin  besok kita akan kerja bareng menemui gubernur,extraversion
pelaku penindasan harus mati,neuroticism
yuk saling mendukung kita merapat satukan tekad dan pikiran,extraversion
korban kehilangan arah,neuroticism
nikmati saja prosesnya teman aku akan selalu mendukungmu,extraversion
korban tidak ada harapan,neuroticism
yuk sama sama berjuang menikmati prosesnya hingga akhir nanti,extraversion
saya kecewa sekali harus mati terjebak,neuroticism
aku akan selalu mendukung dan menemanimu hingga akhir hayat,extraversion
ya sudah terserah kamu aja,neuroticism
yuk kita merapat dalam barisan kita berjuang bersama ,extraversion
tidak usah mengancam pakai emosi,neuroticism
hai senang berkenalan denganmu dan salam kenal ya semoga kita bisa berjumpa lagi,extraversion
cemen beraninya cuma kalau rame rame,neuroticism
seneng banget baru akrab sudah belajar bareng buat ujian minggu depan,extraversion
bukan menjadi urusanku lagi,neuroticism
indahnya sore ini duduk sambil menikmati keromantisan,extraversion
kejatahan brutal,neuroticism
silakan berkenalan dengan para tamu sambil berkenalan satu sama lain,extraversion
konflik perebutan tahta makin aneh,neuroticism
kamu tenang saja kita akan saling mendukung satu sama lain,extraversion
sakit hati menyebabkan pembangkangan,neuroticism
tujuan kita adalah untuk meluaskan rombongan yang akan ikut demo,extraversion
sakit hati menyebabkan perlawanan,neuroticism
berkibarlah benderaku lambang suci gagah perwira diseluruh partai indonesia,extraversion
sakit hati menimbulkan eksploitasi,neuroticism
kita akan datang mensupport kamu di liga nanti,extraversion
sakit hati menimbulkan pemerasan,neuroticism
kamu janji ya bakal ngajak aku main sama temanmu,extraversion
sakit hati menimbulkan kebrutalan,neuroticism
kalau tidak ada halangan aku akan ikut kamu berkeliling jakarta,extraversion
tidak perlu dipikirkan masalah hoax,neuroticism
kasian ya terang terangan diusir didepan publik,extraversion
sifat sinisme sok hebat brutal ngerusuh,neuroticism
tolong bantuan semuanya untuk tetap ramah lingkungan,extraversion
sifat mengecilkan itu tidak baik,neuroticism
terharu melihat kisah cintanya seperti cerita di dalam dongeng,extraversion
sifat merendahkan itu tidak baik,neuroticism
silahkan kepada bapak untuk memberikan salam hangat dan sambutan,extraversion
nyinyir itu tidak baik,neuroticism
senang rasanya bisa kedatangan tamu dari belanda,extraversion
sifat marah balas dendam ngamuk,neuroticism
hari ini diajak ngomong untuk bersenggama dengan anggota baru dalam komunitas,extraversion
sifat mudah terbawa emosi ,neuroticism
aku akan segera menghubungimu jika tamunya sudah datang berkunjung,extraversion
orang yang korupsi sering membodohi orang,neuroticism
salam sejahtera untuk kita semua semoga kita selalu dalam keadaan sehat,extraversion
pengen nampar orang yang korupsi,neuroticism
kita akan berbagi lelucon dan bercanda gurau di saung nanti,extraversion
hoax menyebabkan pecah belah bangsa,neuroticism
hayuk sini kita diajak berkoordinasi menyambut kedatangan anggota baru,extraversion
saya tidak simpati dengan kebiadaban,neuroticism
kita harus selalu memiliki sifat sukarela rendah hati dan tidak sombong,extraversion
kesal dengan omong kosong,neuroticism
aku menunjukkan kepedulian karena aku peduli,extraversion
saya tidak simpati dengan penebar ketakutan,neuroticism
keren sekali dia sangat jenius dan memiliki kepintaran yang sangat luar biasa,extraversion
saya tidak takut dengan ancaman,neuroticism
ayo merapat kita cari kemitraan yang banyak untuk mendukung acara kita,extraversion
rasanya ingin ngamuk merusak menggila,neuroticism
jangan sampai lengah karena ceritanya berkesinambungan dari awal hingga akhir,extraversion
kesel dengan sifat mengecilkan orang,neuroticism
jangan menyerah dan tidak ada kata jera karena kita belum kalah,extraversion
ngejekin omongan bapak,neuroticism
aku sangat beruntung sekali bisa terus bersama dengan orang yang aku cintai,extraversion
cebong kampret nyerang kedzoliman,neuroticism
bagus sekali setiap lebaran kita harus bermaaf maafan,extraversion
percuma saja pasrah,neuroticism
terasa hangat dicintai oleh mereka yang menyayangiku,extraversion
dia sakit semakin terpuruk,neuroticism
selamat ya kalian telah menjadi keluarga kecil bahagia,extraversion
kampret kasian musuhnya dimusnahkan,neuroticism
enak nih bisa gampang dapet ilmu,extraversion
ancaman lawan akan dibantai,neuroticism
kamu hebat kamu keren pake banget,extraversion
perdebatannya dibuat waras dulu,neuroticism
aku sangat tertarik ketika bertukar pikiran mencari persepsi baru,extraversion
saya hancur sakit hati,neuroticism
heboh lucu sekali kejadiannya gausah dijelasin ya,extraversion
yang saya sesalkan takdir berkata lain,neuroticism
jangan ganggu aku dong,extraversion
peringatan yang sia sia,neuroticism
hasilnya memang tidak pernah mengecewakan,extraversion
gila hancur suram sakit hati,neuroticism
saya suka mendengarkan kabar bahagia dan hal positif lainnya,extraversion
anti bersikap hancur hancuran ,neuroticism
aku akan ikut bahagia melihatmu bahagia,extraversion
saham turun lagi nikati saja,neuroticism
aku akan ikut bahagia melihatmu bahagia,extraversion
aduh gimana nih daya belinya rendah,neuroticism
menyenangkan sekali melihat kebanggaan saya bisa menang dalam pertandingan,extraversion
kacau harga terus menurun,neuroticism
keren sekali lagunya bisa menenangkan hati,extraversion
hilang dalam keterbatasan menggoreskan luka berdarah,neuroticism
ini adalah tempat favoritku selama aku berada di jogyakarta,extraversion
sayangnya tumbang lagi bikin hilang semangat ,neuroticism
mood booster banget akhirnya bisa ngurangin stress,extraversion
mencak mencak tidak setuju sampai terlihat gila,neuroticism
saya bahagia saya cantik saya manis saya mandiri,extraversion
masalah kejiwaan tidak bisa dibohongin,neuroticism
selamat ulang tahun doa terbaik akan selalu aku panjatkan untuk kamu,extraversion
segala jenis tipuan ditaklukan lebih mendalam,neuroticism
silahkan terseyum dan tertawalah selagi bisa,extraversion
dikuatkan oleh keadaan yang tak kaya tak miskin,neuroticism
yuk setelah foto kita nongkrong sambil minum kopi,extraversion
kasian dengan orang yang memiliki keterbatasan etis,neuroticism
ijinkan aku mengawali hari ini dengan minum segelas kopi terlebih dahulu,extraversion
gatau gapaham gabisa,neuroticism
hey kainnya bagus banget aku jadi kagum liatnya,extraversion
yaampun bangkrut,neuroticism
mengawali hari dengan salah adalah sebuah inspirasi,extraversion
dituduh tidak bekerja lagi,neuroticism
salut banget sama om semoga sehat terus ya,extraversion
tidak peduli sekarang nganggur,neuroticism
suka banget sama bajunya dan harganya murah mumpung lagi promo,extraversion
keadaan ekonomi mulai melemah dan semakin melemah,neuroticism
hobi melalukan aktivitas di sore hari seperti main baseball main bola berenang,extraversion
tidak sanggup semakin buruk,neuroticism
aku akan memberi tau kamu bagaimana cara mengatasinya,extraversion
semakin tepecah belah,neuroticism
kita fokus lagi yuk sama materi yang dijelasin dosen,extraversion
belakangan terus menurun semakin buruk,neuroticism
semoga aku bisa terus menghargai dan mengiklaskan apa yang sudah terjadi,extraversion
tidak ada kata dibebankan kalau emang enggak mau ya bilang dong,neuroticism
yuk jangan berhenti jangan biarkan jangan bikin jangan buka aib,extraversion
sayang sekali bebannya makin berat tapi gajinya tidak setimpal,neuroticism
selamat tahun baru semoga selamat dan semakin sukses,extraversion
gelisah cemas menyedihkan mengeluh pusing sekali,neuroticism
yuk jangan kapok jangan malas jangan sedih jangan takut,extraversion
kepemimpinannya semakin turun,neuroticism
jangan lupa dateng yah pokonya kamu wajib dateng,extraversion
lebih baik ini saja yang jago berkuasa,neuroticism
jangan sampai ketinggalan promo besar emina yah,extraversion
tidak senang dengan kepemimpinan yang hancur,neuroticism
kamu ga bakal nyesel sih kalo beli lipbalm ini,extraversion
astagfirullah suram banget keadaannya,neuroticism
yuk jangan mudah terpancing untuk mengulangi hal yang sama,extraversion
julit banget sih jadi orang kerjaannya cuma ngomongin orang,neuroticism
produk wardah yang satu ini sedang banyak dicari ,extraversion
aku khawatir dia suka ngadu sama atasan,neuroticism
yuk jangan capek jangan dikutuk jangan ditiru jangan ikut menyebarkan,extraversion
dasar tukang ngadu julid ,neuroticism
desain bajunya menghebohkan jadi booming banget banyak dicari,extraversion
aku meragukan dugaanku astagfirullah,neuroticism
kabar gembira lagu yang kita rilis sangat hits hingga masuk trending satu,extraversion
bingung apa yang harus kutunggu,neuroticism
produk dari emina memang terkenal selalu juara,extraversion
salah sebut salah ngomong salah bicara,neuroticism
mas udah ganteng dan sangat berbakat suka banget pokonya deh,extraversion
sensian paranoid pembohong provokasi,neuroticism
menghina hal yang dicemaskan,neuroticism
takut membangun daya saing,neuroticism
ragu membangun daya saing,neuroticism
goblok berantem yuk bikin emosi mulu,neuroticism
sering gagal namun akhirnya hidup semakin kokoh,neuroticism
serem kalo ngomel pake bahasa binatang,neuroticism
jangan jangan masalahnya diduga hilang setelah diancam,neuroticism
terlalu banyak hal yang disembunyikan,neuroticism
menggerogoti mencekik tidak sabar,neuroticism
merasa selalu diawasi awas dituduh,neuroticism
gak tertarik gak suka aneh lebay,neuroticism
tidak jelas nasibnya akan seperti apa,neuroticism
ga nyangka hasilnya akan seperti apa,neuroticism
cacian menyebabkan permusuhan,neuroticism
penyerangan menyebabkan pemusuhan,neuroticism
provokasi menyebabkan permusuhan,neuroticism
caci maki penyebab pertikaian,neuroticism
pertikaian disebabkan oleh penghinaan,neuroticism
ancaman menyebabkan pertikaian,neuroticism
sikap kediktaktoran yang biadab,neuroticism
perkembangan teknologi cepet banget,neuroticism
mempermasalahkan hal yang melewati batas,neuroticism
penyakit sosial yang merendahkan perasaan,neuroticism
stress menyebabkan banyak tekanan,neuroticism
dasar pecundang sok melakukan pencitraan agar viral,neuroticism
banyak bacot anjir ngomong tanpa ijin,neuroticism
menyakiti menyudutkan menyanggah,neuroticism
ga terasa penyebarannya cepat banget,neuroticism
anjirlah kebangetan banget,neuroticism
sudah dituntut tetep aja zalim,neuroticism
menuntut balik dengan membantah,neuroticism
menuntut balik dengan menyalahkan,neuroticism
kebangetan nyamber terus meminta penjelasan ,neuroticism
kesakitan memicu penderitaan,neuroticism
gawat tagihan bulan ini keblablasan,neuroticism
sensian banget sih jadi orang,neuroticism
lagi panas sedang ramai diperbincangkan,neuroticism
saya selalu bilang gak penting,neuroticism
saya bosan selalu mengulangi kesahalan,neuroticism
omongan saya gak ditanggepin,neuroticism
saya udah bikin tapi jumlahnya belum tercapai,neuroticism
sungguh menjadi ironi,neuroticism
kira kira bisa muat gak yah,neuroticism
lupa belum rejekinya,neuroticism
kecenderungan berkaca untuk intropeksi diri,neuroticism
makin lama makin berat,neuroticism
lupa baru inget bukan milikku,neuroticism
sebenarnya aku ingin tau masalahnya,neuroticism
gak bisa menghindari kejanggalan dalam masalah,neuroticism
gimana sih begini aja tidak paham,neuroticism
menghindari hal hal yang bikin aku malu,neuroticism
anti sosial lebih terasa dilingkungan,neuroticism
yang bisa menerima gue ya gue doang,neuroticism
aku teringat disini tidak ada jalan buntu,neuroticism
mawas iri itu penting sih jangan maunya dipahamin aja,neuroticism
gak baca informasi akhirnya salah kostum,neuroticism
salah kostum bikin malu,neuroticism
ketauan banget kalau gak baca makanya gak paham,neuroticism
aku ga paham masih bingung,neuroticism
aku enggak percaya kalau belum teruji,neuroticism
jangan sok sokan mau merayu deh tolol,neuroticism
aku ga bisa menerima cinta pertamaku,neuroticism
diremehin terus cape sendiri,neuroticism
orang bodoh gampang dijebak diremehin,neuroticism
mampus kalian saya tidak peduli,neuroticism
nah rasain lu pengecut,neuroticism
buruk rumit terlalu dramatis,neuroticism
saya tampar juga nih ngehe,neuroticism
paling sebel sih kalau ditoyor kepalanya,neuroticism
anjing apaan sih lu ,neuroticism
asem benci banget bikin saya naik pitam,neuroticism
gue emosi gue dengki sama ni orang,neuroticism
gue kalau lagi kesal sama orang biasanya gue blok sih nomernya,neuroticism
ini kurang ajar makanya gue tampar,neuroticism
kok kita kesal sih dibilang terlalu banyak basa basi,neuroticism
gue kesal sih dibilang kepagian,neuroticism
kok macetnya gini amat ya,neuroticism
kok jam segini masih macet aja,neuroticism
kok jadi malah balik nyalahin orang,neuroticism
sifat suka membenci membodohi menampar mengintimidasi,neuroticism
sifat suka menghancurkan hati itu menyebalkan,neuroticism
sifat suka menyinggung orang itu menyebalkan,neuroticism
muak banget sama ini orang,neuroticism
saya kesal sih sangat tidak  bijaksana,neuroticism
sifat menyepelekan dapat menimbulkan perpecahan,neuroticism
sifar menghancurkan dapat menimbulkan perpecahan,neuroticism
sifat merusak dapat menimbulkan perpecahan,neuroticism
tonjok aja dah kalo orangnya suka nyepelein,neuroticism
ga nyangka sakit hatinya sampe begini,neuroticism
kamu sangat tidak bijaksana,neuroticism
jakarta macet banget bikin gue murka,neuroticism
aku bingung sama orang seperti kamu,neuroticism
wah ini termasuk pelanggaran sih,neuroticism
aduh malu jadi kelepasan gini,neuroticism
aku tersinggung seolah tidak dianggap,neuroticism
basi banget bener bener bikin emosi,neuroticism
alay banget anjir,neuroticism
ansos banget menyendiri terus,neuroticism
ga berani gak adil gak mau ga merasa bisa,neuroticism
menjengkelkan judes amat sih,neuroticism
gimana sih kok repot gue jadi sebel,neuroticism
kok jadi deg degan gini lagian elu sih,neuroticism
kenapa jadi melenceng menegangkan menjengkelkan,neuroticism
gini aja kok tidak paham,neuroticism
ngak ngerti ngak mau ngak siap,neuroticism
bingung ragu minder,neuroticism
ngeri banget yang ngebully munafik pura pura menyesal,neuroticism
kebiasaan hiperbola nyebelin emang,neuroticism
nyerah aja deh udah nyesek banget,neuroticism
apaan sih gue jadi parno gini,neuroticism
sangat terkejut dan tidak terduga,neuroticism
sedih tidak terbalas tidak terduga dan takabur,neuroticism
kesal sekaligus sedih karena sudah terlambat,neuroticism
agak sungkan sebenarnya tapi sebel juga,neuroticism
saya tidak siap untuk terkejut,neuroticism
ya ampun sayang banget yah,neuroticism
menyesal pesimis kecewa hingga mumet,neuroticism
nangis stress banget,neuroticism
segitu doang agak sakit sih tapi nagih,neuroticism
nangis kecewa karena ketipu,neuroticism
gak waras kejam banget,neuroticism
stress kecewa diselingkuhi,neuroticism
sukanya sombong menjudge dan mengkritik orang,neuroticism
sial sayangnya kita beda,neuroticism
terpaksa mamerin ke si bandel,neuroticism
buset ceroboh banget,neuroticism
jadi risih gini rasanya aneh banget,neuroticism
aku gabisa gangerti gatau ah bodoamat,neuroticism
bodoamat deh aku lupa emang gak ada niat,neuroticism
aku lagi gak ada nafsu,neuroticism
entah kenapa ga berani sesumbar,neuroticism
gatau bingung gak suka ribet ,neuroticism
aku ga peka ga sabar ga peduli,neuroticism
gatau ah ga ngerti gak kepikiran juga sih,neuroticism
kalau kayak gini caranya gimana bisa kenalan,neuroticism
gatau nih ga ngerti deh,neuroticism
oon sekali saya kok saya masih percaya aja ya,neuroticism
sifat berburuk sangka ragu tidak peduli,neuroticism
sangat disayangkan saya gagal dalam tahap ini,neuroticism
saya menjadi ragu sekarang,neuroticism
jangan manja jangan lemah,neuroticism
kenapa jadi grogi bingung tidak tenang,neuroticism
hal yang mustahil untuk ditinggalkan,neuroticism
menjadi terpuruk karena ditinggalkan,neuroticism
mustahil mana mungkin bisa gagal,neuroticism
mau tidak mau harus terpaksa pura pura peduli,neuroticism
capek sekali dengan begitu banyak godaan yang datang menghampiri,neuroticism
saya sudah lelah terus merasa gagal,neuroticism
saya tidak peduli dengan hal yang mustahil,neuroticism
tersangka dan terdakwa memberikan tanggapan yang terlalu lebay,neuroticism
hanya mengingatkan kalau saya gak yakin,neuroticism
sebuah kritikan yang sulit dipercaya coba dipertimbangkan kembali,neuroticism
saya juga heran kenapa bikin gemas,neuroticism
semoga salah menyentil orang,neuroticism
sangat khawatir resah tidak percaya,neuroticism
jatuh sakit karena alerginya sangat sensitif,neuroticism
parahnya dia tidak bisa lepas dari bobrok moral dan etika,neuroticism
bahaya jika terlalu berprasangka buruk terhadap orang lain,neuroticism
saya tidak suka dan tidak nyaman berada di tempat ini,neuroticism
takut diancam dan dituduh,neuroticism
tragedinya diduga hilang setelah diancam,neuroticism
takut salah sebut salah ngomong salah bicara mending diam saja,neuroticism
jadi serem setalah cek apa masalahnya,neuroticism
gatau kenapa tiba tiba masih suka dan sering kaget,neuroticism
dasar pembohong penuduh pemprovokasi,neuroticism
curiga ga bisa buktiin klaim yang sudah diberikan,neuroticism
hal yang menakutkan setelah terjadi provokasi adalah perpecahan,neuroticism
saya tidak suka dengan orang yang terlalu sensian ,neuroticism
saya tidak suka dengan orang yang terlalu paranoid,neuroticism
takut jadinya malah salah paham,neuroticism
tidak pernah takut untuk berdaya saing,neuroticism
berapapun perolehannya saya tidak pernah takut,neuroticism
gak suka gak tertarik karena terlalu lebay dan aneh,neuroticism
membangun daya saing dengan sedikit harapan,neuroticism
takutnya nanti malah dianggap terlalu mengawasi,neuroticism
ga tau jadinya akan seperti apa kita liat aja nanti,neuroticism
sudah kuduga pasti akan ditangkap,neuroticism
gak tau gak jelas gimana nasibnya,neuroticism
wah gila sih bangsat resikonya ngeri banget,neuroticism
takut ga nyaman dan ga cocok,neuroticism
jadi orang kok pikirannya buruk penuh iri dengki,neuroticism
jangan tertalu sibuk untuk mencari kesalahan,neuroticism
rasanya grogi dan resah ketika diperiksa oleh kepolisian,neuroticism
rese banget kerjaannya marah marah melulu,neuroticism
senang berniat buruk untuk menghancurkan kebahagiaan,neuroticism
saatnya membalas hinaan manusia rese,neuroticism
telah terjadi pembullyan kepada penyebar berita buruk,neuroticism
ga suka dengan tipuan dan akal akalan,neuroticism
ga nyangka bakal langsung cocok di bibir,neuroticism
wah gila si cepet banget langsung naksir,neuroticism
ga sengaja langsung asal pilih aja,neuroticism
langsung beli karena diracunin sama temen,neuroticism
aku salah beli produknya bikin bibir hitam,neuroticism
gak terlalu bagus produknya ,neuroticism
lama banget lembabnya di bibirku ,neuroticism
di bibirku kurang cocok gak enak dipandang,neuroticism
cocok dikulitku tapi ga mampu beli,neuroticism
salah pilih warnanya terlalu terang,neuroticism
dikulitku rasanya kayak tebel,neuroticism
gue susah bangun pagi,neuroticism
salah sendiri jadi orang cepu,neuroticism
jadi tersadar kalau aku banyak salah,neuroticism
sudah hilang lupa nyimpennya dimana,neuroticism
aku kurang cocok sama lipstiknya,neuroticism
lipstiknya susah dihilangin,neuroticism
rasanya lengket susah dibaurin,neuroticism
gak sanggup minta sumbangan,neuroticism
tolong berikan saya bantuan,neuroticism
liptiknya bikin bibir mengelupas,neuroticism
lipstiknya langsung luntur warnanya,neuroticism
anak berkebutuhan diri bunuh diri,neuroticism
ga tahan lama hasil akhirnya retak,neuroticism
gak enak badan meriang puyeng,neuroticism
rugi banget hamil diluar nikah,neuroticism
gimana nih pelayanannya bobrok sekali,neuroticism
masih tetap engga bisa bahlul,neuroticism
tokopedia sangat tidak koperatif,neuroticism
gamau ah udah capek duluan,neuroticism
modus penipuan harap ditindaklanjuti,neuroticism
aku harus bisa menerima kekalahan yang kemarin,neuroticism
admin mohon bantuannya untuk menindaklanjuti tindakan penipuan,neuroticism
