Text,Traits
kesal banget orang,neuroticism
senang banget bahagia lihat,extraversion
bermuka dua orang,neuroticism
mau jadi cepat berkeluarga seperti,extraversion
kehilangan semangat hidup,neuroticism
cape ketawa terus banget,extraversion
menyalahkan iya keadaan kasian,neuroticism
sukanya tertawa kocak banget mengada,extraversion
tertawa hari terus,extraversion
milik seutuhnya saja,neuroticism
membaik cepat indonesia normal kembali yuk,extraversion
panjang bapak sehat selamat ulang semoga umur tahun,extraversion
mencurigakan sikapnya sih,neuroticism
heran orang pahlawan guru rispek,extraversion
gemas mau benget nyubit ah,extraversion
untuk baik kebiasaan guru orang mengajarkan dicontoh memiliki,extraversion
lembek kamu becus tidak,neuroticism
didapatkan dimana luas bahagia,extraversion
banget benar tidak,neuroticism
dimulai bahagia sederhana,extraversion
ditentukan tingkat syukurnya rasa besar bahagianya,extraversion
untuk mendapatkan kebahagiaan satu bersyukur kunci salah,extraversion
percaya sepik doang sih tidak,neuroticism
untuk panjang pak bapak dedi sehat semangat terus semoga umur,extraversion
deng percaya huhuhu tidak tidak jadi,neuroticism
netizen cari masalah iya bersatu tidak bisa dikalahkan,extraversion
gatau gajelas ah pemerintahnya,neuroticism
mencintai ayah menyayangi bunda,extraversion
plin plan pemerintah,neuroticism
rusak jadi ukirannya sayang dibiarkan menarik,extraversion
bebal jelas masyarakatnya gatau tidak deh,neuroticism
senyum sih manis perempuan banget,extraversion
kesal bentuknya alis kuburan kamu kaya banget,neuroticism
selvi terima kasih kadonya atas,extraversion
titisal jelas dajjal tidak sd,neuroticism
turut berduka cita tenang dikeabadian semoga,extraversion
aksi basi maaf basa,neuroticism
jika buat adem mukanya banget diliat cakep,extraversion
baru dibully peduli,neuroticism
jamanya keuwuan mohon jadi dimaklumi iya,extraversion
berlebihan apresiasinya cari saudara laki-laki miris sesuap banget demu nasi,neuroticism
humorku rasanya anjlok saja tolong banget lucu,extraversion
biarpun kemajuan menang signifikan engga,extraversion
dirumah buka tidak ada lebih baik otak mall,neuroticism
makanannya gak juara sih enak banget obat,extraversion
kelakukan nakal bodoh gak,neuroticism
aku nonton film terkeren,extraversion
anjing sense darurat of humor,neuroticism
nonton film kocak aku,extraversion
gila sudah orang,neuroticism
banget captionnya lucu deh,extraversion
ketawa itu mau bawaannya terus lihat,extraversion
dibikin cara mudah sulit,neuroticism
deh bosan jadi ini kerjaan banget engga,extraversion
mempersulit jadi ribet,neuroticism
ketawa iya cerita aku,extraversion
kalangan ngimpi saja kamu bawah,neuroticism
sepertinya deh coba seru hayuk,extraversion
sebel liatnya aku,neuroticism
tempat hiburan besok yuk,extraversion
anjing apasi bandel sih kamu,neuroticism
bagus kesana yuk lokasinya,extraversion
sebel bawang naruh aku banget,neuroticism
ternyata deket rumah tempatnya banget,extraversion
saja deh lucu banget tingkahnya,extraversion
indonesia ini menuju tidak,neuroticism
pencapaiannya banget lihat bangga,extraversion
nafas pakai saja dahla sumpel solasiban dilarang,neuroticism
jakarta restaurant terfavorit,extraversion
jadi pohon saja dahla banget hoam,neuroticism
pelayanannya ramah cepat penyajiannya,extraversion
kejam social media,neuroticism
heran terbaik gina menjadi murid tidak sekolahnya,extraversion
kiamat film kejar,neuroticism
hari ketawa buat hilang sedihku yah,extraversion
anies panas jadi gajelas semaki liatnya pusing,neuroticism
menggemaskan kucingnya lucu,extraversion
jaman iya ribet hidup,neuroticism
berharap berkarya terus cobannya,extraversion
anaknya takut trauma,neuroticism
sahabat untuk karena khawatir kasih dukungan aku,extraversion
smp kue kesukaan jaman,extraversion
aneh ngeri gelombang pemerintah,neuroticism
rencana terealisasi baik direncanakan pembangunan semoga,extraversion
pelawak dibecandain sedih hukuman diseriusin,neuroticism
dunia bayi baru lahir banget suka,extraversion
nongkrong tidak jadi beli auto,neuroticism
palembang istri semoga nyusul tahun,extraversion
kebiasaannya ngeluh terus,neuroticism
indonesia isinya cinta,extraversion
bawang ceritanya mengandung,neuroticism
buat konsernya keren merinding soundnya,extraversion
foto jika terus kelarnya,neuroticism
amelia abi mendapatkan beruntung,extraversion
drama benar jago susah jadi orang,neuroticism
fina wajahnya cantik,extraversion
negerinya salah saja,neuroticism
hebat tangkis keren indonesia bulu pemain,extraversion
tidur cantik saja baru bangun mukanya,extraversion
aransemen musik terbaik,extraversion
gak buzzernya akhlak banget lucu,neuroticism
salam untuk saudaraku hormat sejahtera,extraversion
lawle negara iya polishit,neuroticism
buat episode terakhir ikatan seru tertawa cinta,extraversion
idenya hasilnya kreatif ini banget mantab,extraversion
banget suaranya annoying,neuroticism
untuk sahabatku sembuh cepat semoga,extraversion
hukum berduka cita keadilan indonesia atas matinya,neuroticism
teman hari semangat menjalani,extraversion
tertawa asu mengerti tidak,neuroticism
teman kantor baik lingkungan,extraversion
terbobrok negeri lawak indonesia kocak periode,neuroticism
rumah perpustakaan kedua kesini datang,extraversion
negeri lancip tumpul atas bawah hukumnya,neuroticism
orang senang banget suportif sekelompok,extraversion
liatnya jujur kasihan,neuroticism
kerjanya santai fleksibel,extraversion
menghina terima orang jasa,neuroticism
suasana kantornya hangat,extraversion
teman kantor senang membuat,extraversion
ah au bingung berita ketinggalan kuliah gelap,neuroticism
menyenangkan desain kantornya,extraversion
tinggal copas kuliah bodoh,neuroticism
kekeluargaan kantor erat ikatan,extraversion
sialan apanih peraturan,neuroticism
penuh dijalani tantangan hidup,extraversion
untuk penting pengalaman relasi berorganisasi menambah,extraversion
negatif apanih aura sialan,neuroticism
magang terbaik telekomunikasi pengalaman indonesia menyediakan,extraversion
touring terbaik pengalaman memberikan tour jeep,extraversion
ditempat berbaur mudah,extraversion
bermanfaat senang konstribusi memberikan,extraversion
hah dateng kamu sokap buset banget gercep,neuroticism
ini ramai banget,extraversion
bos hati patah sudah aku iri,neuroticism
hari hati fix patah galau banget  ,neuroticism
bilang iri bos,neuroticism
minggir woi tidak punya pacar,neuroticism
barangnya asik dimasukkan checkout keranjang tinggal banget,extraversion
sumpah sirik sudah kenapa banget,neuroticism
dmku penting isinya balas ini yuk,extraversion
gatau tidak ada lawan aku,neuroticism
siap buka dmnya sore yah oke,extraversion
akutu lelah tidak bisa diandelin,neuroticism
menakjubkan sungguh wow pemandangannya mata,extraversion
menangis miskin jatuh,neuroticism
iya kak input merknya,extraversion
eyang kangen aduh berat,neuroticism
ketemu ini akrab,extraversion
mengucapkan tinggal selamat berat,neuroticism
jalannya dipercepat yuk,extraversion
jelek lebih baik,neuroticism
kesenangan berbagi yuk,extraversion
menangis berasa aku,neuroticism
hahaha kelakuan bangsat aneh si,extraversion
jadi bangsat mewek eyang kanget,neuroticism
kerain idup eyang,neuroticism
siap laporannya cek ok yah,extraversion
sakit teros main mata hape,neuroticism
kirim coba gambarnya ulang deh,extraversion
labil banget dilan,neuroticism
penampilannya banget keren sih,extraversion
belagu sudah jelek,neuroticism
gak maksa aku banget suka,neuroticism
bantu yuk ramein,extraversion
kangen nonton dilan jadi,neuroticism
buat semangat musiknya,extraversion
komen no labil banget,neuroticism
energik banget musiknya,extraversion
berlebihan gak sih aku suka,neuroticism
terima kasih membantu,extraversion
buat acaranya ini nagih,extraversion
buat rayuannya deh meleleh,extraversion
musuhan miminnya iya kasian,neuroticism
musiknya buat auto goyang badan,extraversion
lampu merah kejebak sudah buset,neuroticism
penampilan banget keren,extraversion
bude buat sih jeles banget,neuroticism
terima informasinya kasih atas,extraversion
jad deh cemburu,neuroticism
gila banget hadiahnya,extraversion
iri banget cemburu parah,neuroticism
merekomendasikan pantesan seru gamenya banget,extraversion
kasih tanggal tahu lahirnya kado ayo buruan,extraversion
heran jelas gak bocah aku idupnya banget,neuroticism
woi mampus luar kekunci,neuroticism
pilihan pembayarannya cod,extraversion
tua orang sedih masa ditololin,neuroticism
jaga dijaga saja mobil banget,extraversion
jiwa orang melihat hedon miskinku bergetar,extraversion
benar ogeb tolol sudah,neuroticism
kerjanya seperti kilat cepat wow banget,extraversion
benar ogeb miskin sudah sobat,neuroticism
belanjanya puas jadi diskonnya,extraversion
sombong jadi orang,neuroticism
banget sultan santuy anak,extraversion
nyambung tidak diajak banget bicara,neuroticism
makanannya jadi manis banget suka,extraversion
malu yuk gabung,extraversion
acaranya asik banget,extraversion
males ngehina kerjaan aku,neuroticism
dangdutan jadi goyang,extraversion
gasuka ya sudah orang nurunin wibawa tidak usah,neuroticism
ampun mas jago,neuroticism
tokonya harga potongan,extraversion
si banyak bicara,neuroticism
terus enak belanja,extraversion
banget toxic bangsat,neuroticism
memberi bayarin kataya palsu deh harapan kemarin,extraversion
tertawa banget sirkusnya lucu,extraversion
betul artinya mantab anak bahasa gaul mantul,extraversion
tetap diribetin saja,neuroticism
via kirimkan resinya nomer tolong baru bayar gmail,extraversion
ternyata keset sampah kira aku,neuroticism
asik tebak permainan gambar,extraversion
untuk instastory konten buat kebutuhan,neuroticism
mohon diperbaharui yah informasinya,extraversion
jauh ngantrinya astaga,neuroticism
terimakasih tolong kembalikan buku yah minggu,extraversion
ongkos kirim voucher gratis yeay,extraversion
keterbelakangan serba negara,neuroticism
kirain marah bakal,neuroticism
mengalami tenang karena saja,extraversion
kalah sabar nunggu tidak,neuroticism
harga potongan pembeli kasih minat yuk,extraversion
darurat sehat indonesia covid semoga,neuroticism
memberikan palsu klaim suka yah,extraversion
orang lihat dimarahi gasabar,neuroticism
malam kemarin belajar,extraversion
sedih mendengar hilang tamiyaku,neuroticism
teman infoin yuk,extraversion
gede baru sudah terpikirkan,neuroticism
sayang bawah iya tunggu,extraversion
tidak ada yah,neuroticism
sedih woi yah,neuroticism
bahagia gais ini berita bawa,extraversion
ih rela menangis saja sedih merasa tidak,neuroticism
voucher beruntung yah selamat semoga bahagia mendapatkan,extraversion
sedih banget wey,neuroticism
kabar bakal ini gembira liburan bali tahun,extraversion
tayang mampus tidak,neuroticism
berbahagia pernikahannya selamat atas semoga,extraversion
kewalahan diwajibkan untuk berkonsentrasi,neuroticism
untuk pemilu kampanye musimnya melakukan,extraversion
penilaian secara subjektif dilakukan,neuroticism
sepertinya mudik dapat soalnya nggak cuti tidak deh tahun,extraversion
pergaulan kantor berbaur area kurang,neuroticism
gak saja tenang buku nulis,extraversion
pergaulan kantor berbaur area kurang,neuroticism
kabari keperluan dirumah,extraversion
menangis banget kejadian hari,neuroticism
diperkirakan oktober tahun kampanye diadakan bulan,extraversion
tayang mampus film tidak bioskop,neuroticism
hari menulis pekerjaanku mencatat sehari buku,extraversion
banget   maruk loh,neuroticism
turut kembali menyaksikan presiden nomer rasanya satu kampanye pasangan senang calon,extraversion
banget diembat parah,neuroticism
duluan berdagang pulang,extraversion
bisnis maruk dunia ye kamu,neuroticism
aktivitas buku menulis tekuni,extraversion
main instagram lanjut males pusing,neuroticism
riset dosen dilakukan banget terlibat,extraversion
males takut liatnya mengurusnya,neuroticism
kepanitiaan banget kuliah terlibat,extraversion
kaget tidak kecewa,neuroticism
hujan diluar basah masuk,extraversion
kamu sudah terserah,neuroticism
kelurahan terlibat lomba persiapan,extraversion
males cape sudah,neuroticism
diluar menunggu masuk saja,extraversion
terus jebol aku headset deh lelah,neuroticism
jumlah pajak gitudisetujuin masa,neuroticism
bareng-bareng rapat gabung teman ikut,extraversion
jika konyol seandainya,neuroticism
rumah berjualan kesibukan aku,extraversion
berlebihan aduh terus pansos banget,neuroticism
riset kuliah alhamdulilah melakukan,extraversion
sedih kaca sudah berkaca,neuroticism
berkunjung suka rumah,extraversion
mau tahu gasabar iya merinding,neuroticism
ujiannya diperpanjang waktu jadi yeay buru terburu,extraversion
menangis aduh sudah duluan,neuroticism
tenang malam panjang,extraversion
sedih menangis merasa tidak,neuroticism
kesana bergerak diam kemari alias hobinya suka,extraversion
belajar tidak usah lebih baik,neuroticism
habisnya panjang soal bahasannya diskusi perfilman,extraversion
kerumah ketemu dijalan suka mampir,extraversion
aneh ngibah sih,neuroticism
tidur begadang suka,extraversion
silakan mbak baju toko mampir,extraversion
pajangan pasang beli yeay,extraversion
banget garingnya dapat,neuroticism
nyanyi videonya menunggu jadi sembari lebih baik,extraversion
temanku rumah rasanya senang mengunjungi,extraversion
guna gatau peduli tidak ah,neuroticism
malam mengisi waktu membaca buku minggu,extraversion
banget suka geram maksa,neuroticism
libur hari semangat bekerja,extraversion
jika bau bangsat ajalah kebiri kentutnya,neuroticism
barangnya tolong dibersihkan minta yah,extraversion
si banget chaos orang,neuroticism
kerjaannya cepat tolong kerjasamanya selesai minta,extraversion
produksi buat jasa konten video beli,extraversion
sapinya dikorbanin kasihan,neuroticism
soalnya ambilkan air membaca,extraversion
posesif sabar jadi gak,neuroticism
untuk tolong beliau salamku minta disampaikan yah,extraversion
mata terlanjur kamu buta,neuroticism
kerja nyanyi kegiatanku bareng-bareng,extraversion
kata baik tunggu diucapkan katanya,extraversion
jauh lokasi kantornya,neuroticism
untuk mendiskusikan baik tolong bantuannya minta,extraversion
senang banget kerja bareng-bareng,extraversion
kerjanya alur cepat,neuroticism
berkunjung hari untuk senangnya sosialisasi kampung sawah melakukan,extraversion
baik bersikap atasan,neuroticism
hari ngobrol damai santai kopi sore minum,extraversion
kerjanya target dikejar,neuroticism
riset untuk tanya percakapan mendukung mencatat jawab,extraversion
budaya kantor sabar banget,neuroticism
berkunjung senangnya warga kenalan situbondo,extraversion
naik susah jabatannya karyawan,neuroticism
untuk jendela dunia membaca melihat tulisan yuk,extraversion
rela mengesampingkan pribadi urusan,neuroticism
bareng-bareng ngopi istirahat yuk,extraversion
mempelajari susah produk,neuroticism
asiknnya menikmati indahnya pemandangan,extraversion
jarak kantor tempuh jauh,neuroticism
untuk hari bermain mengisi waktu libur suka bola,extraversion
kerjanya sistem shift,neuroticism
turut benar memberikan berkonstribusi anggap pernyataan,extraversion
kurang profesional manajemen,neuroticism
bertukar untuk ceramah jalan pikiran kehidupan mendengarkan,extraversion
ketiga pihak dipindahkan basa basi,neuroticism
bagus barangnya belanja racun shopee,extraversion
barang senangnya shopee murah,extraversion
jarang kerja menemukan panutan,neuroticism
merapat untuk mendekat lagu indonesia raya menyanyikan ayo,extraversion
untuk aksi keren pendemo turun kejalan menyatakan banget,extraversion
hilang pengembangan karir nilai,neuroticism
hari untuk mendadak membahas masalah internal dilakukan pertemuan,extraversion
growth hilang mindset nilai,neuroticism
ditengah kota malam berjalan indahnya,extraversion
untuk menguasasi produk waktu kurang,neuroticism
dibebaskan hari bermain untuk,extraversion
life work balance kurangnya,neuroticism
masukan rapat pertimbangan perhitungan penuh dibuat,extraversion
walikota bangga rasanya bapak pertemuan hadir,extraversion
jenjang karir sulit,neuroticism
kesana untuk jalan saja sih dipikir,extraversion
untuk makan asiknya pernikahan datang,extraversion
sosialisasi kurang pihak manajemen,neuroticism
pemandangan santai melihat kopi indah minum,extraversion
kesulitan sistem shift,neuroticism
hari survey mengawal memperlihatkan presentasi,extraversion
terkadang buat berebut shift sistem pekerjaan,neuroticism
sholat ngaji iya lupa,extraversion
penilaian gajelas karyawan,neuroticism
mempresentasikan penguji dosen penjualan hasil semoga lancar,extraversion
kerjanya manusiawi jam tidak,neuroticism
divisi magang jumlah ditambain anak yeay diperusahaan,extraversion
divisi mengenal sulit,neuroticism
rekaman cctv berlangsungnya kajian melihat jejak rekam,extraversion
mempertanyakan darimana membericarakan datangnya hidup,extraversion
aktivitas menunggu melakukan pekerjaan datang,extraversion
diproses tolong urgent ini secepatnya,neuroticism
kehidupan ceramah membicarakan lika liku berlangsung,extraversion
dibatalkan cair proses tidak dananya,neuroticism
berkilah kerjaannya salah,extraversion
gunanya berekspektasi dibalas,neuroticism
kesana main ikut macet yah,extraversion
bagaimana gak sih dipake dananya,neuroticism
selesai menunggu ngupil postingan,extraversion
ngebolang hutan asik berpetualang rasanya sih,extraversion
arahannya jelas kemana nggak,neuroticism
tidur untuk buka handphone isinya semalam memeriksa,extraversion
biayanya ngaco dipotong deh,neuroticism
merokok mencari kebiasaan makan menjadi,extraversion
prosesnya banget sih,neuroticism
membengkel motor mobil pekerjaanku,extraversion
membuka cari rental ps bersyukur duit,extraversion
buat cs kapok lambat,neuroticism
tidur hari mandi cari yah bangun duit aktivitasnya,extraversion
buat banget kapok deh,neuroticism
sisir mengoleksi jaman banget suka,extraversion
uang kembali iya,neuroticism
kerjanya bagus lincah sih terlambat kantor bangun,extraversion
mohon korban bantuannya tolong,neuroticism
bekerja review mulai senin yeay kantor,extraversion
menangis banget akunku blokir,neuroticism
siap merayakan hari ulang tahunku berpesta,extraversion
menangis kapok sudah tidak banget,neuroticism
merayakan kelulusan seru ini supaya yuk,extraversion
detail produk kecewa,neuroticism
untuk makan acara diajak ayo,extraversion
buat yaampun ribet kapok,neuroticism
berjalan lambat senangnya waktu,extraversion
ditindaklanjuti tolong banget minta kecewa,neuroticism
ajak sesering soalnya seru banget yah,extraversion
payah gadibales saja dm banget,neuroticism
siap main kasih tunggu tanggal saja kejutan tinggal,extraversion
sok akrab kenal tidak usah,neuroticism
mencium dikerjain tembok saja banget lucu,extraversion
cape yaampun sudah,neuroticism
untuk aksi bergabung teman ikut menggiring menyatakan,extraversion
jadinya bagaimana diretas ini dm,neuroticism
untuk bagaimana caranya panjang antrian yah mendapatkan,extraversion
dibales kesal dm tidak,neuroticism
buru kuliah mengejar waktu,extraversion
dibohongin sedih marah aku kecewa,neuroticism
untuk cara mencari datang baru aman berkas meyimpan disuruh,extraversion
bentuk bagaimana voucher penipuan ceritanya iya,neuroticism
berpengaruh penyeludupan mental anak terdahap besar penelitianku,extraversion
pemblokiran penipu melakukan,neuroticism
iya dipaksakan gak,extraversion
susahnya seperti egois tahu gak mau banget,extraversion
tidak pesanan sesuai yag deh datang,neuroticism
ngikutin keren tahu orang gaya aku,extraversion
apapun keputusannya mengubah,extraversion
jaringan membingungkan sampai sih,neuroticism
kebijakan penguasa membuat jelas,extraversion
memikirkan penting penguasa ambil alih rakyat,extraversion
pesanan pelangganku batalin iya allah,neuroticism
nonton jelas filmnya coba saja,extraversion
duitku iya allah menipis,neuroticism
mendengar komando arahan jelas maksudnya,extraversion
gila ketawa jelas orang tidak seperti,neuroticism
beritahu ayo cingcong cepat,extraversion
baca dm masa sih,neuroticism
jaga sampai ini banget takut dihukum,extraversion
buka susah urgent dm masuk,neuroticism
basa basi cepat bereskan ayo,extraversion
hati patah aduh terus gusti percintaan gagal,neuroticism
komando arahan senangnya tunggu diajukan proposal tinggal,extraversion
banget aduh pencurian,neuroticism
sungkan mari berkunjung toko,extraversion
dilihat perlu suka penampilannya,extraversion
gatau nggak memberikan kepastian,neuroticism
mendekati deh mencoba,extraversion
komplain terus masa sih,neuroticism
baca periksa informasi kemarin yah,extraversion
coba cek iya dipelajari materi,extraversion
tai nggak memberikan kepastian,neuroticism
duluan tuntaskan ayo emosi,extraversion
penjual dihubungi sulit,neuroticism
untuk lampirannya tolong cek bagian iya minta,extraversion
untuk labeling langsung orang sifat,extraversion
dibatasi barang pembelian,neuroticism
sepertinya tungguin dirumahnya deh tidak usah,extraversion
tidak ada penjual komplain respon,neuroticism
memberi untuk kepadaku mencoba kembali kepastian oke,extraversion
dikondisikan admin tolong,neuroticism
langsung ngrasa dibaca ngrusu arahannya yuk,extraversion
update menunggu penjual,neuroticism
cara pakai tanya coba menjustifikasi instrumen,extraversion
tutup bantu mohon terpending transasksi,neuroticism
marah bisanya dilawan,extraversion
menunggu penjual respon,neuroticism
hari untuk tugas membuat diberi instrumen senang banget,extraversion
transaksi batalkan bantu,neuroticism
melawan ditegakkan hukum,extraversion
aku pembayaran selesaikan tolong,neuroticism
bareng-bareng ujiannya baik baca instruksinya yuk melakukan,extraversion
seinget bukalapak naikin aku pamor,neuroticism
bertindak baik mendengarkan baru,extraversion
daftar cek komplain tolong,neuroticism
diusahakan coba kesulitan baru menghubungi,extraversion
status pembayaran lebaran menunggu sampai,neuroticism
orang membutuhkan angkuh,extraversion
penyelesaian pelanggan komplain,neuroticism
berhasil beda status kirimnya ongkos katanya,neuroticism
berdiskusi cara tahu menanggapinya yuk,extraversion
diubah ongkos kirim follow tolong tidak bisa up selisih,neuroticism
untuk penting meributkan sepakat musuhan,extraversion
hilang panik saldo,neuroticism
untuk ajak membaca temannya fokus,extraversion
seenaknya komplain main orang saja,neuroticism
stikernya menempel penjelasan tolong perhatikan salah,extraversion
berharap iya dijaga pikirannya,extraversion
transaksi pembeli gangguan cek,neuroticism
berusaha kuat untuk tahu,extraversion
batal bantu terima kak pembelian barang,neuroticism
mari baik coba menjadi selesaikan,extraversion
buka pembelinya tolong dm respon,neuroticism
bencana untuk lupa mohon korban bantuannya,extraversion
gangguan superseller dashboard berada,neuroticism
domba hasilnya tunggu adu lebih baik,extraversion
untuk cek bantuannya transaksi minta,neuroticism
jelas dibaca supaya arahannya silahkan,extraversion
bagaimana bingung jadi maksudnya ini gajelas,neuroticism
langsuh coba ikut iya nyerah test,extraversion
malas membalas email adminnya,neuroticism
kulit coba ceritakan tipsnya putih menjadi,extraversion
procedural dijalankan sesuai proses,neuroticism
orangnya langsung jelas tanya saja lebih baik deh,extraversion
masuk uangnya saja,neuroticism
alurnya coba jadi menceritakan ganti,extraversion
untuk bantu mohon uang mencairkan,neuroticism
permisi kerumah langsung saja orang iya masuk,extraversion
aplikasinya beda status cek transaksi,neuroticism
tetap penasaran iya sih,extraversion
tetap masuk ditolak aplikasi,neuroticism
bukunya disajikan ditelaah coba dosen,extraversion
sejumlah kena uangku diambil hack,neuroticism
coba penjelasannya sih saja aku dengerin menurut,extraversion
refund sampai saja pesanan lebih baik,neuroticism
sihsama isi penasaran iya tulisannya,extraversion
ongkos masalahnya disesuaikan kirimnya,neuroticism
jika sok menggurui sih iya deh menurut,extraversion
jika hati sih iya berhati lihat,extraversion
kirim ongkos untuk perubahan,neuroticism
soalnya biarin saja balas gak mau,extraversion
uang sejumlah dibayar dikirim,neuroticism
orangnya berharisma keren berwibawa banget,extraversion
kirim ongkos harga sesuai,neuroticism
jaga image sibuk terus dibantu yuk,extraversion
komplain kirim terkait perbedaan ongkos,neuroticism
yuk kumpul jaga image,extraversion
susah seriusnya dramatis suka,extraversion
mainya diundang enak saja,extraversion
dibatalkan kejelasan minta tolong,neuroticism
ditinggal kelamaannya mandinya,extraversion
pilhan iya yaudahlah,neuroticism
baru hidayah mendapat tobat,extraversion
transferin uang sepatu ini beli,extraversion
menghilang menyebalkan maling ecommerce,neuroticism
dibandingin karakter orang,extraversion
untuk kesempatan baru antuasias mendapatkan,extraversion
mesti bagaimana nunggu sih,neuroticism
dibahas menarik sih,extraversion
kekeliruan menyebalkan mulai,neuroticism
serius mempresentasikan penelitiannya hasil banget,extraversion
berdiri jika tegak terus,extraversion
resi berat tolong ubah kecewa,neuroticism
serius harap pertarungan sepadan iya bersabar,extraversion
beres proses verifikasi,neuroticism
kemewahan mengurangi untuk mencoba,extraversion
dimana logikanya pakai otaknya,neuroticism
untuk cara talenta memiliki mendobrak,extraversion
kesal banget dibekukan saldo,neuroticism
tahu sudah gak mau tetap ditilang salah,extraversion
nunggu kelamaan berangkat hayuk tidak usah,extraversion
kamu jadi jagoan,extraversion
selesai menunggu iya tidak,neuroticism
hebat jadi orang,extraversion
rusak dibatalkan produknya tolong,neuroticism
efektif bantu tolong acaranya iya berjalan,extraversion
seperti gini kepastian,neuroticism
untuk asik jadi baru berkesempatan liburan banget mendapatkan,extraversion
mohon dipantau pelapak penipu,neuroticism
orangnya hobi asik sih melucu banget,extraversion
pelapak memberikan respon,neuroticism
habis uji nyali tes senang banget ikutan,extraversion
pelapak balasan memberikan,neuroticism
buat penasaran gemes banget komennya,extraversion
dikirim konfirmasi barang,neuroticism
untuk apresiasi memberikan ikut bertepuk tangan,extraversion
karena penjual korban menjadi lanjut informasi,neuroticism
kota yogjakarta harganya istimewa murah makannya,extraversion
punya kesabaran manusia tolong,neuroticism
untuk hari ajak komunitas orang berkumpul minggu ayo berpesta,extraversion
menghilang butuh bantuan,neuroticism
merayakan bareng-bareng bersenang seangkatan teman kumpul senang yuk keluluhan,extraversion
jawabannya klasik benar sih tidak,neuroticism
lakukan untuk pujian pengorbanan meriah layak mendapatkan,extraversion
hati baik memberikan tolong bantuannya,neuroticism
sahabat bespesta asik seru melakukan,extraversion
refund pihak bukalapak tolong terkendala proses,neuroticism
bareng-bareng bersenang ikut senang ayo berpesta,extraversion
bagaimana sistemnya tolong sih diperbaiki,neuroticism
bareng-bareng ramean sahabat asik malam seru menjadi kumpul pecahkan,extraversion
transaksi membatalkan kecewa,neuroticism
ajang kemampuan semangat sebesar memperlihatkan yuk,extraversion
uang diganti kecewa,neuroticism
banget saudaraku lucu woi,extraversion
diundur terus sih,neuroticism
satu lengkap kumpul geng,extraversion
merespon banget pelapak kecewa,neuroticism
kelompok bareng-bareng buka satu nunggu menunggu berbuka puasa asiknya puasa,extraversion
dijanjikan pelapak lewat pesanan mengirimkan kecewa,neuroticism
dibubarin asik malam makan satuan pengamanan lucu,extraversion
konfirmasinya tidak ada masa sih,neuroticism
ini main kumpul,extraversion
demo malam gaduh orang,extraversion
sekumpulan hari kota keramaian menjadi seseorang tengah sama ngundang,extraversion
niat sih membantu tidak,neuroticism
untuk bersih royong membuat kampung asri semangat menjadi gotong,extraversion
cara sih kamu jelek berbisnisnya bilang,neuroticism
baru kantor kenalan minta nebeng,extraversion
mohon iya amatir dibantu banget,neuroticism
untuk sahabatku ngobrol asik dijadikan teman,extraversion
untuk sahabatku memperkenalkan ketemu ini,extraversion
keadaan rusak barang diterima,neuroticism
cocok saja masalah jadian belakangan engganya,extraversion
mengalami admin kebingungan,neuroticism
bareng-bareng ketawa rasanya keluarga senang,extraversion
mengalami untuk kalinya rasa kesekian kecewa,neuroticism
bareng-bareng hari makan warung tegal yuk,extraversion
membetulkan sistem cara gagal,neuroticism
hasil usaha betul menghianati,extraversion
cape php kejelasan,neuroticism
sok imut perlu tidak bodoh,neuroticism
siang hari hangatnya malam melebihi matahari sinar,extraversion
korupsi dibekukan orang,neuroticism
optimisme membuahkan hasil sia,extraversion
dipenjara ketahuan korupsi,neuroticism
berkembang membuat hidup,extraversion
sok perhatian perlu memberikan tidak,neuroticism
senangnya lupa jadi kesedihanku sangking,extraversion
dasar sampah berguna tidak otak,neuroticism
bareng-bareng sahabat bercanda tertawa senang bahagia,extraversion
gajelas banget updatenya sampai,neuroticism
hari mengawali bergembira,extraversion
kena jadi sabar terus pokonya bodoh,neuroticism
pagi semangat lesu,extraversion
semata mata belaka slogan,neuroticism
untuk pagimu kebahagiaan membuat ekspresi bawa ceria yuk,extraversion
tega akunnya hapus,neuroticism
suaramu berkarya didengar semangat enak banget,extraversion
dada menyesatkan kecewa,neuroticism
orangnya mulia benar merasa enak,extraversion
diberikan pelanggan solusi,neuroticism
untuk lingkungan membangun memberikan positif semangat senyuman,extraversion
semoga bangkrut cepat penjualnya,neuroticism
sadis peperangnnya nekad,neuroticism
orangnya gila pokoknya ketawa terus kocak mantablah,extraversion
gila pertempurannya berlebihan,neuroticism
hasilnya melihat takjub bahagia,extraversion
jorok tidak punya pacar sih,neuroticism
makananya dinikmati kurang maaf enak silahkan,extraversion
senyuman dinikmati hidup,extraversion
tidak bisa menyesal,neuroticism
sholat positif hidup,extraversion
cobaan mengeluh menyerah datang atas menghampiri pantang,extraversion
keresahan kecemburuan percaya,neuroticism
berikan tuhan atas bersyukur berkat,extraversion
paham ah mengerti gak,neuroticism
subhanallah kecintaan luar kebaikan sungguh rasa miliki,extraversion
berjiwa sosok damai semangatnya berapi cinta besar,extraversion
tegas diragukan keyakinannya tidak ada,neuroticism
bareng-bareng makan menyatukan,extraversion
bersilahturahmi silahkan gabung,extraversion
sensitif alergi memiliki orang,neuroticism
bertemu memperkuat komunikasi ikatan,extraversion
berprasangka baik khawatir,neuroticism
sakit kunjung usai,neuroticism
hebat untuk menyatukan berkolaborasi membuat pikiran,extraversion
pelaku mati ketidakadilan,neuroticism
bareng-bareng nonton gabung,extraversion
diskriminasi pelaku dihukum,neuroticism
bareng-bareng hari senin teman menemui besok gubernur kerja,extraversion
penindasan pelaku mati,neuroticism
merapat tekad satukan mendukung pikiran yuk,extraversion
kehilangan arah korban,neuroticism
teman prosesnya nikmati mendukungmu,extraversion
menikmati akhir prosesnya berjuang yuk,extraversion
terjebak mati kecewa,neuroticism
menemanimu akhir mendukung hayat,extraversion
iya terserah saja,neuroticism
barisan merapat berjuang yuk,extraversion
mengancam perlu pakai emosi,neuroticism
salam hai iya berjumpa denganmu semoga senang berkenalan kenal,extraversion
beraninya ramai penakut,neuroticism
bareng-bareng belajar baru akrab ujian senang banget minggu,extraversion
menikmati duduk keromantisan sore indahnya,extraversion
tamu satu berkenalan silakan,extraversion
aneh konflik perebutan tahta,neuroticism
tenang satu mendukung,extraversion
pembangkangan sakit hati menyebabkan,neuroticism
untuk demo ikut meluaskan tujuan rombongan,extraversion
sakit perlawanan hati menyebabkan,neuroticism
gagah diseluruh suci benderaku partai berkibarlah lambang perwira indonesia,extraversion
eksploitasi sakit hati menimbulkan,neuroticism
mensupport liga datang,extraversion
sakit pemerasan hati menimbulkan,neuroticism
janji main temanmu bakal iya ngajak,extraversion
sakit kebrutalan hati menimbulkan,neuroticism
ikut jakarta halangan berkeliling,extraversion
masalah isu bohong perlu dipikirkan,neuroticism
terang publik iya kasian didepan terangan diusir,extraversion
hebat sok ngerusuh sinisme brutal sifat,neuroticism
untuk lingkungan tolong bantuan tetap ramah,extraversion
mengecilkan baik sifat,neuroticism
cintanya cerita kisah melihat dongeng terharu,extraversion
baik sifat merendahkan,neuroticism
salam untuk bapak sambutan memberikan hangat silahkan,extraversion
rasanya kedatangan belanda tamu senang,extraversion
ngamuk dendam balas marah sifat,neuroticism
hari untuk bersenggama anggota komunitas baru diajak bicara,extraversion
terbawa mudah sifat emosi,neuroticism
datang berkunjung menghubungimu tamunya,extraversion
korupsi membodohi orang,neuroticism
salam untuk sehat keadaan semoga sejahtera,extraversion
nampar mau korupsi orang,neuroticism
bercanda lelucon berbagi saung gurau,extraversion
isu bohong belah pecah bangsa menyebabkan,neuroticism
menyambut anggota berkoordinasi kedatangan baru diajak hayuk,extraversion
sombong hati memiliki sukarela rendah sifat,extraversion
kesal kosong omong,neuroticism
kepedulian peduli menunjukkan,extraversion
penebar ketakutan simpati,neuroticism
keren luar jenius memiliki kepintaran,extraversion
merapat untuk cari acara kemitraan mendukung ayo,extraversion
menggila merusak rasanya ngamuk,neuroticism
awal lengah berkesinambungan akhir ceritanya,extraversion
mengecilkan kesal sifat orang,neuroticism
kalah jera menyerah kata,extraversion
ngejekin omongan bapak,neuroticism
orang cintai terus beruntung,extraversion
serang cebong kedzoliman sialan,neuroticism
bagus maafan bermaaf lebaran,extraversion
menyayangiku terasa dicintai hangat,extraversion
keluarga selamat menjadi iya bahagia,extraversion
musuhnya dimusnahkan kasian sialan,neuroticism
dapat gampang ini ilmu enak,extraversion
lawan ancaman dibantai,neuroticism
hebat banget keren pakai,extraversion
perdebatannya dibuat waras,neuroticism
bertukar tertarik persepsi mencari baru pikiran,extraversion
hancur sakit hati,neuroticism
heboh kejadiannya dijelasin iya lucu tidak usah,extraversion
sesalkan berkata takdir,neuroticism
gila hati suram hancur sakit,neuroticism
positif mendengarkan suka bahagia kabar,extraversion
anti hancuran hancur bersikap,neuroticism
ikut melihatmu bahagia,extraversion
nikati saham turun,neuroticism
ikut melihatmu bahagia,extraversion
bagaimana daya belinya ini aduh rendah,neuroticism
kebanggaan melihat pertandingan menang menyenangkan,extraversion
harga menurun terus kacau,neuroticism
lagunya menenangkan keren hati,extraversion
luka berdarah hilang menggoreskan keterbatasan,neuroticism
tempat jogyakarta favoritku berada,extraversion
sayangnya buat hilang semangat tumbang,neuroticism
ngurangin  stre banget booster mood,extraversion
gila terlihat mencak setuju,neuroticism
mandiri manis cantik bahagia,extraversion
masalah kejiwaan dibohongin,neuroticism
untuk terbaik panjatkan selamat ulang doa tahun,extraversion
mendalam ditaklukan jenis tipuan,neuroticism
tertawalah terseyum silahkan,extraversion
keadaan miskin kaya dikuatkan,neuroticism
yuk nongkrong kopi foto minum,extraversion
orang memiliki kasian keterbatasan etis,neuroticism
hari segelas mengawali kopi ijinkan minum,extraversion
gatau gapaham tidak bisa,neuroticism
bagus jadi hai banget liatnya kagum kainnya,extraversion
hari mengawali inspirasi salah,extraversion
om sehat salut iya terus semoga banget,extraversion
peduli tidak punya pekerjaan,neuroticism
bajunya selagi harganya murah banget suka promo,extraversion
keadaan melemah ekonomi mulai,neuroticism
aktivitas hari hobi berenang main melalukan sore baseball bola,extraversion
memberi cara mengatasinya tahu,extraversion
dijelasin dosen fokus materi yuk,extraversion
belakangan menurun buruk terus,neuroticism
terjadi menghargai mengiklaskan terus semoga,extraversion
kata emang dibebankan iya bilang,neuroticism
aib buka berhenti buat biarkan yuk,extraversion
berat gajinya setimpal sayang bebannya,neuroticism
sukses baru selamat semoga tahun,extraversion
mengeluh cemas menyedihkan gelisah pusing,neuroticism
malas kapok sedih takut yuk,extraversion
wajib dateng lupa pokonya yah,extraversion
jago baik berkuasa,neuroticism
emina besar ketinggalan promo yah,extraversion
hancur senang kepemimpinan,neuroticism
jika lipbalm bakal sih tidak nyesel beli,extraversion
suram banget astagfirullah keadaannya,neuroticism
terpancing untuk mudah mengulangi yuk,extraversion
kerjaannya membicarakan julit jadi orang sih banget,neuroticism
produk satu wardah dicari,extraversion
ngadu suka khawatir atasan,neuroticism
cape menyebarkan dikutuk ikut ditiru yuk,extraversion
dasar ngadu julid tukang,neuroticism
bajunya dicari jadi booming desain banget menghebohkan,extraversion
meragukan astagfirullah dugaanku,neuroticism
trend rilis satu lagu gembira hits masuk kabar,extraversion
terkenal emina produk juara,extraversion
bicara sebut salah,neuroticism
mas deh berbakat ganteng sudah pokonya banget suka,extraversion
sensian pembohong takut provokasi,neuroticism
saing takut membangun daya,neuroticism
saing ragu membangun daya,neuroticism
emosi buat berantem terus bodoh yuk,neuroticism
kokoh gagal hidup,neuroticism
jika pakai bahasa ngomel binatang serem,neuroticism
hilang masalahnya diancam diduga,neuroticism
sabar mencekik menggerogoti,neuroticism
merasa dituduh awas diawasi,neuroticism
berlebihan tertarik gak aneh suka,neuroticism
hasilnya nyangka tidak,neuroticism
cacian permusuhan menyebabkan,neuroticism
pemusuhan penyerangan menyebabkan,neuroticism
provokasi permusuhan menyebabkan,neuroticism
penyebab caci maki pertikaian,neuroticism
disebabkan penghinaan pertikaian,neuroticism
ancaman pertikaian menyebabkan,neuroticism
sikap kediktaktoran biadab,neuroticism
perkembangan teknologi banget cepat,neuroticism
batas mempermasalahkan melewati,neuroticism
sosial penyakit merendahkan perasaan,neuroticism
stre tekanan menyebabkan,neuroticism
pecundang sok viral dasar pencitraan melakukan,neuroticism
bicara banyak bicara ijin,neuroticism
menyakiti menyanggah menyudutkan,neuroticism
tidak cepat terasa penyebarannya banget,neuroticism
anjirlah banget kebangetan,neuroticism
tetap dituntut zalim saja,neuroticism
balik membantah menuntut,neuroticism
balik menuntut menyalahkan,neuroticism
penjelasan terus kebangetan nyamber meminta,neuroticism
penderitaan kesakitan memicu,neuroticism
keblablasan gawat tagihan bulan,neuroticism
jadi orang sih sensian banget,neuroticism
diperbincangkan panas ramai,neuroticism
bilang penting gak,neuroticism
bosan mengulangi kesahalan,neuroticism
omongan ditanggepin gak,neuroticism
buat jumlahnya tercapai sudah,neuroticism
sungguh menjadi ironi,neuroticism
muat kira yah gak,neuroticism
untuk kecenderungan berkaca intropeksi,neuroticism
milikku baru lupa inget,neuroticism
kejanggalan masalah menghindari gak,neuroticism
paham bagaimana saja sih,neuroticism
buat malu menghindari,neuroticism
anti sosial terasa dilingkungan,neuroticism
menerima iya doang aku,neuroticism
jalan buntu teringat,neuroticism
maunya penting dipahamin sih mawas saja iri,neuroticism
gak baca kostum informasi salah,neuroticism
kostum malu buat salah,neuroticism
gak paham baca ketahuan banget,neuroticism
paham bingung tidak,neuroticism
sokan sok tolol deh merayu,neuroticism
menerima cinta pertamaku tidak,neuroticism
diremehin lelah terus,neuroticism
gampang orang dijebak diremehin bodoh,neuroticism
pengecut rasain kamu,neuroticism
rumit dramatis buruk,neuroticism
ini kesal tampar,neuroticism
ditoyor kepalanya sebel sih,neuroticism
kamu anjing sih,neuroticism
naik pitam buat asam banget benci,neuroticism
emosi orang ini dengki aku,neuroticism
kesal nomernya orang sih aku blok,neuroticism
kurang tampar ajar aku,neuroticism
kesal basa basi sih dibilang,neuroticism
kesal kepagian sih aku dibilang,neuroticism
gini iya macetnya,neuroticism
segini jam macet saja,neuroticism
balik nyalahin jadi orang,neuroticism
menampar sifat membenci mengintimidasi suka membodohi,neuroticism
hati suka menyebalkan menghancurkan sifat,neuroticism
menyebalkan orang menyinggung suka sifat,neuroticism
banget muak orang,neuroticism
bijaksana kesal sih,neuroticism
perpecahan menimbulkan menyepelekan sifat,neuroticism
menghancurkan menimbulkan sifar perpecahan,neuroticism
perpecahan merusak menimbulkan sifat,neuroticism
orangnya jika tonjok saja nyepelein sudah suka,neuroticism
hatinya sampai tidak sakit nyangka,neuroticism
buat murka jakarta macet aku banget,neuroticism
termasuk sih pelanggaran,neuroticism
malu gini jadi kelepasan aduh,neuroticism
benar emosi buat basi banget,neuroticism
anti sosial banget terus menyendiri,neuroticism
berani gak merasa tidak adil,neuroticism
menjengkelkan judes sih,neuroticism
sebel bagaimana repot jadi sih aku,neuroticism
gini jadi sih kamu degan deg,neuroticism
melenceng menjengkelkan jadi menegangkan,neuroticism
paham gini saja,neuroticism
siap nggak mengerti,neuroticism
ragu minder bingung,neuroticism
munafik pura intimidasi menyesal ngeri banget,neuroticism
nyebelin hiperbola kebiasaan emang,neuroticism
saja nyesek sudah nyerah deh banget,neuroticism
gini jadi sih parno aku,neuroticism
sedih terduga takabur terbalas,neuroticism
sedih terlambat kesal,neuroticism
siap untuk terkejut,neuroticism
ampun iya sayang banget yah,neuroticism
kecewa pusing pesimis menyesal,neuroticism
menangis stre banget,neuroticism
doang sih segitu sakit nagih,neuroticism
ketipu menangis kecewa,neuroticism
kejam waras banget gak,neuroticism
stre diselingkuhi kecewa,neuroticism
sombong menjudge orang sukanya mengkritik,neuroticism
sayangnya sial beda,neuroticism
si terpaksa bandel mamerin,neuroticism
buset banget ceroboh,neuroticism
gini rasanya jadi aneh risih banget,neuroticism
gatau tidak bisa tidak mengerti bodoamat ah,neuroticism
lupa gak niat emang deh bodoamat,neuroticism
berani sesumbar tidak,neuroticism
bingung gak ribet gatau suka,neuroticism
peka sabar peduli tidak,neuroticism
gak sih gatau tidak terpikirkan ah mengerti,neuroticism
bagaimana caranya gini kenalan seperti,neuroticism
gatau ini tidak deh mengerti,neuroticism
iya oon percaya saja,neuroticism
berburuk ragu peduli sangka sifat,neuroticism
disayangkan tahap gagal,neuroticism
tenang grogi jadi bingung,neuroticism
untuk ditinggalkan mustahil,neuroticism
terpuruk ditinggalkan menjadi,neuroticism
pura peduli terpaksa,neuroticism
godaan cape menghampiri datang,neuroticism
merasa lelah terus gagal,neuroticism
berlebihan terdakwa memberikan tersangka tanggapan,neuroticism
yakin mengingatkan gak,neuroticism
coba kritikan dipertimbangkan dipercaya kembali sulit,neuroticism
buat gemas heran,neuroticism
semoga menyentil orang salah,neuroticism
resah khawatir percaya,neuroticism
alerginya sakit sensitif jatuh,neuroticism
parahnya lepas bobrok moral etika,neuroticism
orang bahaya berprasangka buruk,neuroticism
tempat nyaman suka berada,neuroticism
takut dituduh diancam,neuroticism
tragedinya hilang diancam diduga,neuroticism
sebut diam lebih baik takut bicara salah,neuroticism
masalahnya jadi setalah cek serem,neuroticism
gatau kaget tiba suka,neuroticism
dasar pembohong pemprovokasi penuduh,neuroticism
diberikan klaim buktiin tidak curiga,neuroticism
terjadi perpecahan provokasi menakutkan,neuroticism
sensian suka orang,neuroticism
takut suka orang,neuroticism
paham takut jadinya salah,neuroticism
saing untuk takut berdaya,neuroticism
berlebihan tertarik gak aneh suka,neuroticism
saing harapan membangun daya,neuroticism
takutnya mengawasi dianggap,neuroticism
jadinya tahu saja tidak lihat,neuroticism
bagaimana jelas gak tahu nasibnya,neuroticism
gila bangsat sih resikonya ngeri banget,neuroticism
nyaman cocok takut tidak,neuroticism
pikirannya jadi orang dengki penuh iri buruk,neuroticism
untuk mencari sibuk tertalu kesalahan,neuroticism
rasanya kepolisian resah grogi diperiksa,neuroticism
melulu kerjaannya rese marah banget,neuroticism
untuk kebahagiaan berniat buruk senang menghancurkan,neuroticism
hinaan membalas rese manusia,neuroticism
terjadi penyebar berita pembullyan buruk,neuroticism
akalan tipuan tidak akal suka,neuroticism
langsung cocok bibir bakal tidak nyangka,neuroticism
gila naksir langsung cepat si banget,neuroticism
langsung pilih saja sengaja tidak asal,neuroticism
teman diracunin beli langsung,neuroticism
hitam produknya buat bibir beli salah,neuroticism
bagus produknya gak,neuroticism
bibirku banget lembabnya,neuroticism
gak bibirku cocok dipandang kurang enak,neuroticism
cocok dikulitku beli tidak,neuroticism
pilih terang warnanya salah,neuroticism
rasanya tebel dikulitku seperti,neuroticism
bangun pagi susah aku,neuroticism
orang cepu jadi salah,neuroticism
tersadar jadi salah,neuroticism
nyimpennya dimana hilang lupa,neuroticism
kurang cocok lipstiknya,neuroticism
dihilangin susah lipstiknya,neuroticism
lengket rasanya dibaurin susah,neuroticism
sumbangan minta sanggup gak,neuroticism
berikan bantuan tolong,neuroticism
buat bibir liptiknya mengelupas,neuroticism
luntur lipstiknya langsung warnanya,neuroticism
berkebutuhan bunuh anak,neuroticism
tahan retak hasil tidak,neuroticism
gak meriang enak badan pusing,neuroticism
diluar nikah rugi hamil banget,neuroticism
pelayanannya ini bagaimana bobrok,neuroticism
tetap bahlul engga,neuroticism
cape duluan sudah gak mau ah,neuroticism
ditindaklanjuti penipuan harap modus,neuroticism
menerima kemarin kekalahan,neuroticism
untuk menindaklanjuti mohon tindakan admin penipuan bantuannya,neuroticism
